id,city,date,degrees
0,Tokyo,2019-01-01,5.84
0,Tokyo,2019-01-02,5.4
0,Tokyo,2019-01-03,4.48
0,Tokyo,2019-01-04,5.79
0,Tokyo,2019-01-05,7.5
0,Tokyo,2019-01-06,3.79
0,Tokyo,2019-01-07,4.89
0,Tokyo,2019-01-08,5.66
0,Tokyo,2019-01-09,3.14
0,Tokyo,2019-01-10,3.39
0,Tokyo,2019-01-11,6.13
0,Tokyo,2019-01-12,5.39
0,Tokyo,2019-01-13,5.17
0,Tokyo,2019-01-14,4.66
0,Tokyo,2019-01-15,6.67
0,Tokyo,2019-01-16,6.44
0,Tokyo,2019-01-17,6.68
0,Tokyo,2019-01-18,5.07
0,Tokyo,2019-01-19,5.92
0,Tokyo,2019-01-20,7.55
0,Tokyo,2019-01-21,4.66
0,Tokyo,2019-01-22,4.43
0,Tokyo,2019-01-23,6.87
0,Tokyo,2019-01-24,4.97
0,Tokyo,2019-01-25,5.19
0,Tokyo,2019-01-26,4.06
0,Tokyo,2019-01-27,4.61
0,Tokyo,2019-01-28,7.31
0,Tokyo,2019-01-29,4.54
0,Tokyo,2019-01-30,5.53
0,Tokyo,2019-01-31,5.44
0,Tokyo,2019-02-01,3.45
0,Tokyo,2019-02-02,6.55
0,Tokyo,2019-02-03,10.92
0,Tokyo,2019-02-04,10.33
0,Tokyo,2019-02-05,6.72
0,Tokyo,2019-02-06,6.04
0,Tokyo,2019-02-07,10.5
0,Tokyo,2019-02-08,4.27
0,Tokyo,2019-02-09,1.4
0,Tokyo,2019-02-10,3.54
0,Tokyo,2019-02-11,3.42
0,Tokyo,2019-02-12,5.47
0,Tokyo,2019-02-13,5.34
0,Tokyo,2019-02-14,3.58
0,Tokyo,2019-02-15,4.09
0,Tokyo,2019-02-16,6.72
0,Tokyo,2019-02-17,5.46
0,Tokyo,2019-02-18,8.81
0,Tokyo,2019-02-19,9.52
0,Tokyo,2019-02-20,11.59
0,Tokyo,2019-02-21,8.85
0,Tokyo,2019-02-22,9.12
0,Tokyo,2019-02-23,7.1
0,Tokyo,2019-02-24,9.9
0,Tokyo,2019-02-25,11.52
0,Tokyo,2019-02-26,7.98
0,Tokyo,2019-02-27,8.25
0,Tokyo,2019-02-28,8.06
0,Tokyo,2019-03-01,8.47
0,Tokyo,2019-03-02,9.65
0,Tokyo,2019-03-03,7.6
0,Tokyo,2019-03-04,7.99
0,Tokyo,2019-03-05,10.88
0,Tokyo,2019-03-06,11.77
0,Tokyo,2019-03-07,7.76
0,Tokyo,2019-03-08,6.84
0,Tokyo,2019-03-09,11.31
0,Tokyo,2019-03-10,12.7
0,Tokyo,2019-03-11,11.38
0,Tokyo,2019-03-12,11.51
0,Tokyo,2019-03-13,10.11
0,Tokyo,2019-03-14,8.03
0,Tokyo,2019-03-15,9.61
0,Tokyo,2019-03-16,8.77
0,Tokyo,2019-03-17,8.26
0,Tokyo,2019-03-18,10.49
0,Tokyo,2019-03-19,12.23
0,Tokyo,2019-03-20,15.28
0,Tokyo,2019-03-21,16.6
0,Tokyo,2019-03-22,13.35
0,Tokyo,2019-03-23,5.73
0,Tokyo,2019-03-24,8.38
0,Tokyo,2019-03-25,11.2
0,Tokyo,2019-03-26,11.2
0,Tokyo,2019-03-27,15.44
0,Tokyo,2019-03-28,10.88
0,Tokyo,2019-03-29,8.08
0,Tokyo,2019-03-30,10.19
0,Tokyo,2019-03-31,10.18
0,Tokyo,2019-04-01,7.92
0,Tokyo,2019-04-02,7.7
0,Tokyo,2019-04-03,8.1
0,Tokyo,2019-04-04,11.44
0,Tokyo,2019-04-05,15.37
0,Tokyo,2019-04-06,14.36
0,Tokyo,2019-04-07,15.09
0,Tokyo,2019-04-08,9.07
0,Tokyo,2019-04-09,10.9
0,Tokyo,2019-04-10,6.92
0,Tokyo,2019-04-11,10.83
0,Tokyo,2019-04-12,9.09
0,Tokyo,2019-04-13,13.08
0,Tokyo,2019-04-14,15.31
0,Tokyo,2019-04-15,14.9
0,Tokyo,2019-04-16,14.96
0,Tokyo,2019-04-17,15.36
0,Tokyo,2019-04-18,17.19
0,Tokyo,2019-04-19,17.04
0,Tokyo,2019-04-20,14.92
0,Tokyo,2019-04-21,17.27
0,Tokyo,2019-04-22,18.82
0,Tokyo,2019-04-23,19.2
0,Tokyo,2019-04-24,19.33
0,Tokyo,2019-04-25,19.47
0,Tokyo,2019-04-26,11.58
0,Tokyo,2019-04-27,10.61
0,Tokyo,2019-04-28,14.07
0,Tokyo,2019-04-29,16.13
0,Tokyo,2019-04-30,16.34
0,Tokyo,2019-05-01,18.2
0,Tokyo,2019-05-02,17.14
0,Tokyo,2019-05-03,18.79
0,Tokyo,2019-05-04,17.29
0,Tokyo,2019-05-05,19.57
0,Tokyo,2019-05-06,17.83
0,Tokyo,2019-05-07,13.77
0,Tokyo,2019-05-08,18
0,Tokyo,2019-05-09,18.04
0,Tokyo,2019-05-10,20.57
0,Tokyo,2019-05-11,20.34
0,Tokyo,2019-05-12,17.21
0,Tokyo,2019-05-13,19.23
0,Tokyo,2019-05-14,18.36
0,Tokyo,2019-05-15,19
0,Tokyo,2019-05-16,20.22
0,Tokyo,2019-05-17,20.69
0,Tokyo,2019-05-18,20.98
0,Tokyo,2019-05-19,20.46
0,Tokyo,2019-05-20,21.16
0,Tokyo,2019-05-21,19.43
0,Tokyo,2019-05-22,19.25
0,Tokyo,2019-05-23,21.1
0,Tokyo,2019-05-24,22.74
0,Tokyo,2019-05-25,23.68
0,Tokyo,2019-05-26,24.29
0,Tokyo,2019-05-27,25.07
0,Tokyo,2019-05-28,22.18
0,Tokyo,2019-05-29,20.73
0,Tokyo,2019-05-30,21.92
0,Tokyo,2019-05-31,21.2
0,Tokyo,2019-06-01,22.14
0,Tokyo,2019-06-02,22.05
0,Tokyo,2019-06-03,22.11
0,Tokyo,2019-06-04,22.84
0,Tokyo,2019-06-05,22.51
0,Tokyo,2019-06-06,25.4
0,Tokyo,2019-06-07,20.88
0,Tokyo,2019-06-08,21.11
0,Tokyo,2019-06-09,18.38
0,Tokyo,2019-06-10,17.43
0,Tokyo,2019-06-11,18.81
0,Tokyo,2019-06-12,19.11
0,Tokyo,2019-06-13,21.82
0,Tokyo,2019-06-14,21.53
0,Tokyo,2019-06-15,19.11
0,Tokyo,2019-06-16,23.62
0,Tokyo,2019-06-17,23.05
0,Tokyo,2019-06-18,22.79
0,Tokyo,2019-06-19,23.54
0,Tokyo,2019-06-20,24
0,Tokyo,2019-06-21,23.84
0,Tokyo,2019-06-22,22.6
0,Tokyo,2019-06-23,21.6
0,Tokyo,2019-06-24,20.16
0,Tokyo,2019-06-25,23.07
0,Tokyo,2019-06-26,24.63
0,Tokyo,2019-06-27,25.74
0,Tokyo,2019-06-28,24.19
0,Tokyo,2019-06-29,21.65
0,Tokyo,2019-06-30,24.02
0,Tokyo,2019-07-01,24.02
0,Tokyo,2019-07-02,24.64
0,Tokyo,2019-07-03,25.58
0,Tokyo,2019-07-04,22.37
0,Tokyo,2019-07-05,22.29
0,Tokyo,2019-07-06,21.91
0,Tokyo,2019-07-07,20.47
0,Tokyo,2019-07-08,20.44
0,Tokyo,2019-07-09,20.16
0,Tokyo,2019-07-10,21.19
0,Tokyo,2019-07-11,21.15
0,Tokyo,2019-07-12,21.54
0,Tokyo,2019-07-13,23.86
0,Tokyo,2019-07-14,21.86
0,Tokyo,2019-07-15,21.79
0,Tokyo,2019-07-16,22.36
0,Tokyo,2019-07-17,24.82
0,Tokyo,2019-07-18,25.6
0,Tokyo,2019-07-19,26.93
0,Tokyo,2019-07-20,26.31
0,Tokyo,2019-07-21,24.99
0,Tokyo,2019-07-22,24.2
0,Tokyo,2019-07-23,25.24
0,Tokyo,2019-07-24,27.12
0,Tokyo,2019-07-25,27.81
0,Tokyo,2019-07-26,28.12
0,Tokyo,2019-07-27,28.09
0,Tokyo,2019-07-28,28.46
0,Tokyo,2019-07-29,28.94
0,Tokyo,2019-07-30,29.15
0,Tokyo,2019-07-31,29.89
0,Tokyo,2019-08-01,30.3
0,Tokyo,2019-08-02,29.9
0,Tokyo,2019-08-03,28.93
0,Tokyo,2019-08-04,29.15
0,Tokyo,2019-08-05,29.85
0,Tokyo,2019-08-06,29.47
0,Tokyo,2019-08-07,29.68
0,Tokyo,2019-08-08,29.53
0,Tokyo,2019-08-09,29.63
0,Tokyo,2019-08-10,29.11
0,Tokyo,2019-08-11,29.21
0,Tokyo,2019-08-12,29.57
0,Tokyo,2019-08-13,29.73
0,Tokyo,2019-08-14,28.86
0,Tokyo,2019-08-15,29
0,Tokyo,2019-08-16,28.43
0,Tokyo,2019-08-17,29.83
0,Tokyo,2019-08-18,29.68
0,Tokyo,2019-08-19,27.93
0,Tokyo,2019-08-20,27
0,Tokyo,2019-08-21,27.14
0,Tokyo,2019-08-22,27.81
0,Tokyo,2019-08-23,27
0,Tokyo,2019-08-24,26.72
0,Tokyo,2019-08-25,26.49
0,Tokyo,2019-08-26,25.33
0,Tokyo,2019-08-27,26.28
0,Tokyo,2019-08-28,26.75
0,Tokyo,2019-08-29,28.25
0,Tokyo,2019-08-30,26.2
0,Tokyo,2019-08-31,27.71
0,Tokyo,2019-09-01,27.44
0,Tokyo,2019-09-02,27.75
0,Tokyo,2019-09-03,25.46
0,Tokyo,2019-09-04,24.58
0,Tokyo,2019-09-05,26.38
0,Tokyo,2019-09-06,27.66
0,Tokyo,2019-09-07,28.59
0,Tokyo,2019-09-08,28.7
0,Tokyo,2019-09-09,29.52
0,Tokyo,2019-09-10,29.27
0,Tokyo,2019-09-11,27.62
0,Tokyo,2019-09-12,24.56
0,Tokyo,2019-09-13,21.79
0,Tokyo,2019-09-14,23.22
0,Tokyo,2019-09-15,25.59
0,Tokyo,2019-09-16,24.18
0,Tokyo,2019-09-17,25.24
0,Tokyo,2019-09-18,21.54
0,Tokyo,2019-09-19,22.45
0,Tokyo,2019-09-20,22.97
0,Tokyo,2019-09-21,21.7
0,Tokyo,2019-09-22,23.66
0,Tokyo,2019-09-23,26.39
0,Tokyo,2019-09-24,24.99
0,Tokyo,2019-09-25,23.53
0,Tokyo,2019-09-26,22.03
0,Tokyo,2019-09-27,23.36
0,Tokyo,2019-09-28,24.34
0,Tokyo,2019-09-29,24.62
0,Tokyo,2019-09-30,24.12
0,Tokyo,2019-10-01,23.61
0,Tokyo,2019-10-02,23.92
0,Tokyo,2019-10-03,24.91
0,Tokyo,2019-10-04,24.52
0,Tokyo,2019-10-05,24.89
0,Tokyo,2019-10-06,20.43
0,Tokyo,2019-10-07,20.72
0,Tokyo,2019-10-08,22.83
0,Tokyo,2019-10-09,19.23
0,Tokyo,2019-10-10,20.88
0,Tokyo,2019-10-11,22.04
0,Tokyo,2019-10-12,24.69
0,Tokyo,2019-10-13,21.7
0,Tokyo,2019-10-14,17.7
0,Tokyo,2019-10-15,17.88
0,Tokyo,2019-10-16,16.27
0,Tokyo,2019-10-17,18.19
0,Tokyo,2019-10-18,17.53
0,Tokyo,2019-10-19,20.07
0,Tokyo,2019-10-20,20.68
0,Tokyo,2019-10-21,18.01
0,Tokyo,2019-10-22,15.87
0,Tokyo,2019-10-23,19.74
0,Tokyo,2019-10-24,18.18
0,Tokyo,2019-10-25,16.63
0,Tokyo,2019-10-26,19.28
0,Tokyo,2019-10-27,18.08
0,Tokyo,2019-10-28,16.89
0,Tokyo,2019-10-29,14.27
0,Tokyo,2019-10-30,16.43
0,Tokyo,2019-10-31,16.36
0,Tokyo,2019-11-01,16.43
0,Tokyo,2019-11-02,15.07
0,Tokyo,2019-11-03,16.26
0,Tokyo,2019-11-04,14.26
0,Tokyo,2019-11-05,14.01
0,Tokyo,2019-11-06,14.4
0,Tokyo,2019-11-07,15.85
0,Tokyo,2019-11-08,14.35
0,Tokyo,2019-11-09,12.6
0,Tokyo,2019-11-10,14.73
0,Tokyo,2019-11-11,13.81
0,Tokyo,2019-11-12,15.29
0,Tokyo,2019-11-13,15.23
0,Tokyo,2019-11-14,15.21
0,Tokyo,2019-11-15,11.71
0,Tokyo,2019-11-16,13.33
0,Tokyo,2019-11-17,13.54
0,Tokyo,2019-11-18,17.65
0,Tokyo,2019-11-19,14.82
0,Tokyo,2019-11-20,10.39
0,Tokyo,2019-11-21,10.39
0,Tokyo,2019-11-22,9.81
0,Tokyo,2019-11-23,13.81
0,Tokyo,2019-11-24,17.34
0,Tokyo,2019-11-25,14.73
0,Tokyo,2019-11-26,9.19
0,Tokyo,2019-11-27,10.66
0,Tokyo,2019-11-28,6.77
0,Tokyo,2019-11-29,6.07
0,Tokyo,2019-11-30,7.53
0,Tokyo,2019-12-01,11.1
0,Tokyo,2019-12-02,13.38
0,Tokyo,2019-12-03,10.35
0,Tokyo,2019-12-04,9.5
0,Tokyo,2019-12-05,9.28
0,Tokyo,2019-12-06,7.22
0,Tokyo,2019-12-07,4.85
0,Tokyo,2019-12-08,7.07
0,Tokyo,2019-12-09,8.31
0,Tokyo,2019-12-10,11.55
0,Tokyo,2019-12-11,12.21
0,Tokyo,2019-12-12,11
0,Tokyo,2019-12-13,7.02
0,Tokyo,2019-12-14,10.39
0,Tokyo,2019-12-15,7.07
0,Tokyo,2019-12-16,8.53
0,Tokyo,2019-12-17,9.57
0,Tokyo,2019-12-18,11.43
0,Tokyo,2019-12-19,9.04
0,Tokyo,2019-12-20,10.2
0,Tokyo,2019-12-21,7.16
0,Tokyo,2019-12-22,6.96
0,Tokyo,2019-12-23,8.08
0,Tokyo,2019-12-24,7
0,Tokyo,2019-12-25,6.07
0,Tokyo,2019-12-26,8.77
0,Tokyo,2019-12-27,7.51
0,Tokyo,2019-12-28,5.9
0,Tokyo,2019-12-29,7.2
0,Tokyo,2019-12-30,7.96
0,Tokyo,2019-12-31,7.46
1,New York,2019-01-01,3.48
1,New York,2019-01-02,4.85
1,New York,2019-01-03,3.43
1,New York,2019-01-04,6.5
1,New York,2019-01-05,5.85
1,New York,2019-01-06,-0.48
1,New York,2019-01-07,3.2
1,New York,2019-01-08,5.96
1,New York,2019-01-09,1.48
1,New York,2019-01-10,-1.89
1,New York,2019-01-11,-3.44
1,New York,2019-01-12,-1.77
1,New York,2019-01-13,-2.42
1,New York,2019-01-14,-2.05
1,New York,2019-01-15,-0.49
1,New York,2019-01-16,-1.24
1,New York,2019-01-17,0.16
1,New York,2019-01-18,1.07
1,New York,2019-01-19,2.61
1,New York,2019-01-20,-10.8
1,New York,2019-01-21,-7.23
1,New York,2019-01-22,0.34
1,New York,2019-01-23,9.31
1,New York,2019-01-24,2.17
1,New York,2019-01-25,-1.69
1,New York,2019-01-26,2.03
1,New York,2019-01-27,0.2
1,New York,2019-01-28,-0.79
1,New York,2019-01-29,-2.11
1,New York,2019-01-30,-12.2
1,New York,2019-01-31,-8.97
1,New York,2019-02-01,-5.38
1,New York,2019-02-02,1.27
1,New York,2019-02-03,3.86
1,New York,2019-02-04,5.66
1,New York,2019-02-05,4.45
1,New York,2019-02-06,4.6
1,New York,2019-02-07,5.94
1,New York,2019-02-08,-0.73
1,New York,2019-02-09,-2.34
1,New York,2019-02-10,0.12
1,New York,2019-02-11,-0.65
1,New York,2019-02-12,2.73
1,New York,2019-02-13,2.45
1,New York,2019-02-14,6.88
1,New York,2019-02-15,5.64
1,New York,2019-02-16,-0.35
1,New York,2019-02-17,2.17
1,New York,2019-02-18,-1.21
1,New York,2019-02-19,-1.49
1,New York,2019-02-20,3.64
1,New York,2019-02-21,5.08
1,New York,2019-02-22,2.19
1,New York,2019-02-23,5.4
1,New York,2019-02-24,4.63
1,New York,2019-02-25,-0.17
1,New York,2019-02-26,-2.83
1,New York,2019-02-27,-0.42
1,New York,2019-02-28,-0.49
1,New York,2019-03-01,1.5
1,New York,2019-03-02,2.98
1,New York,2019-03-03,1.67
1,New York,2019-03-04,-2.34
1,New York,2019-03-05,-3.82
1,New York,2019-03-06,-3.97
1,New York,2019-03-07,-0.98
1,New York,2019-03-08,2.62
1,New York,2019-03-09,3.97
1,New York,2019-03-10,6.62
1,New York,2019-03-11,4.43
1,New York,2019-03-12,2.3
1,New York,2019-03-13,6.66
1,New York,2019-03-14,12.34
1,New York,2019-03-15,9.97
1,New York,2019-03-16,3.73
1,New York,2019-03-17,3.01
1,New York,2019-03-18,4
1,New York,2019-03-19,4.84
1,New York,2019-03-20,7.19
1,New York,2019-03-21,7.01
1,New York,2019-03-22,5.07
1,New York,2019-03-23,6.92
1,New York,2019-03-24,9.32
1,New York,2019-03-25,4.92
1,New York,2019-03-26,3.46
1,New York,2019-03-27,5.05
1,New York,2019-03-28,9.44
1,New York,2019-03-29,11.85
1,New York,2019-03-30,11.94
1,New York,2019-03-31,4.85
1,New York,2019-04-01,5.39
1,New York,2019-04-02,9.59
1,New York,2019-04-03,10.42
1,New York,2019-04-04,5.57
1,New York,2019-04-05,8.61
1,New York,2019-04-06,11.51
1,New York,2019-04-07,14.68
1,New York,2019-04-08,10.23
1,New York,2019-04-09,9.98
1,New York,2019-04-10,7.17
1,New York,2019-04-11,11
1,New York,2019-04-12,16.12
1,New York,2019-04-13,15.55
1,New York,2019-04-14,14.54
1,New York,2019-04-15,10.81
1,New York,2019-04-16,11.84
1,New York,2019-04-17,12.03
1,New York,2019-04-18,17.29
1,New York,2019-04-19,17.01
1,New York,2019-04-20,14.16
1,New York,2019-04-21,14
1,New York,2019-04-22,16.28
1,New York,2019-04-23,17.59
1,New York,2019-04-24,13.3
1,New York,2019-04-25,13.38
1,New York,2019-04-26,12.76
1,New York,2019-04-27,10.73
1,New York,2019-04-28,9.62
1,New York,2019-04-29,11.87
1,New York,2019-04-30,11.7
1,New York,2019-05-01,13.55
1,New York,2019-05-02,11.11
1,New York,2019-05-03,14.06
1,New York,2019-05-04,13.12
1,New York,2019-05-05,13.81
1,New York,2019-05-06,14.54
1,New York,2019-05-07,15.99
1,New York,2019-05-08,12.91
1,New York,2019-05-09,16.32
1,New York,2019-05-10,17.43
1,New York,2019-05-11,11.53
1,New York,2019-05-12,8.78
1,New York,2019-05-13,9.18
1,New York,2019-05-14,12.09
1,New York,2019-05-15,16.46
1,New York,2019-05-16,18.24
1,New York,2019-05-17,17.93
1,New York,2019-05-18,18.35
1,New York,2019-05-19,22.61
1,New York,2019-05-20,19.04
1,New York,2019-05-21,17.58
1,New York,2019-05-22,18.05
1,New York,2019-05-23,20.77
1,New York,2019-05-24,17.44
1,New York,2019-05-25,20.7
1,New York,2019-05-26,22.19
1,New York,2019-05-27,19.26
1,New York,2019-05-28,18.61
1,New York,2019-05-29,16.32
1,New York,2019-05-30,20.87
1,New York,2019-05-31,20.75
1,New York,2019-06-01,21.07
1,New York,2019-06-02,18.95
1,New York,2019-06-03,17.41
1,New York,2019-06-04,21.11
1,New York,2019-06-05,23.78
1,New York,2019-06-06,22.21
1,New York,2019-06-07,21.04
1,New York,2019-06-08,19.74
1,New York,2019-06-09,18.45
1,New York,2019-06-10,21.5
1,New York,2019-06-11,19.66
1,New York,2019-06-12,17.22
1,New York,2019-06-13,18.58
1,New York,2019-06-14,20.68
1,New York,2019-06-15,22.53
1,New York,2019-06-16,22.19
1,New York,2019-06-17,21.08
1,New York,2019-06-18,20.35
1,New York,2019-06-19,21.62
1,New York,2019-06-20,22.25
1,New York,2019-06-21,22
1,New York,2019-06-22,22.78
1,New York,2019-06-23,23.92
1,New York,2019-06-24,23.93
1,New York,2019-06-25,25.35
1,New York,2019-06-26,26.21
1,New York,2019-06-27,26.09
1,New York,2019-06-28,26.23
1,New York,2019-06-29,24.95
1,New York,2019-06-30,23.74
1,New York,2019-07-01,25.47
1,New York,2019-07-02,26.26
1,New York,2019-07-03,26.7
1,New York,2019-07-04,25.09
1,New York,2019-07-05,26.74
1,New York,2019-07-06,25.47
1,New York,2019-07-07,22.85
1,New York,2019-07-08,24.82
1,New York,2019-07-09,26.43
1,New York,2019-07-10,25.9
1,New York,2019-07-11,25.92
1,New York,2019-07-12,25.74
1,New York,2019-07-13,27.71
1,New York,2019-07-14,25.85
1,New York,2019-07-15,26.76
1,New York,2019-07-16,28.88
1,New York,2019-07-17,25.69
1,New York,2019-07-18,26.27
1,New York,2019-07-19,30.65
1,New York,2019-07-20,31.23
1,New York,2019-07-21,27.83
1,New York,2019-07-22,23.06
1,New York,2019-07-23,23.34
1,New York,2019-07-24,24.95
1,New York,2019-07-25,25.15
1,New York,2019-07-26,25.54
1,New York,2019-07-27,26.6
1,New York,2019-07-28,27.73
1,New York,2019-07-29,28.27
1,New York,2019-07-30,26.29
1,New York,2019-07-31,25.3
1,New York,2019-08-01,25.61
1,New York,2019-08-02,25.25
1,New York,2019-08-03,25.83
1,New York,2019-08-04,24.72
1,New York,2019-08-05,24.09
1,New York,2019-08-06,25.01
1,New York,2019-08-07,24.22
1,New York,2019-08-08,24.79
1,New York,2019-08-09,24.06
1,New York,2019-08-10,22.78
1,New York,2019-08-11,24.26
1,New York,2019-08-12,24.7
1,New York,2019-08-13,24.19
1,New York,2019-08-14,23.73
1,New York,2019-08-15,23.35
1,New York,2019-08-16,25.2
1,New York,2019-08-17,25.73
1,New York,2019-08-18,26.08
1,New York,2019-08-19,26.02
1,New York,2019-08-20,26.27
1,New York,2019-08-21,26.62
1,New York,2019-08-22,22.75
1,New York,2019-08-23,20.88
1,New York,2019-08-24,20.68
1,New York,2019-08-25,19.12
1,New York,2019-08-26,19.57
1,New York,2019-08-27,21.41
1,New York,2019-08-28,22.87
1,New York,2019-08-29,23.08
1,New York,2019-08-30,23.52
1,New York,2019-08-31,21.08
1,New York,2019-09-01,22.41
1,New York,2019-09-02,22.63
1,New York,2019-09-03,23.59
1,New York,2019-09-04,21.33
1,New York,2019-09-05,18.3
1,New York,2019-09-06,18.51
1,New York,2019-09-07,20.71
1,New York,2019-09-08,20.97
1,New York,2019-09-09,21.04
1,New York,2019-09-10,23.76
1,New York,2019-09-11,24.14
1,New York,2019-09-12,18.38
1,New York,2019-09-13,19.9
1,New York,2019-09-14,22.78
1,New York,2019-09-15,21.86
1,New York,2019-09-16,20.27
1,New York,2019-09-17,17.79
1,New York,2019-09-18,15.76
1,New York,2019-09-19,17.64
1,New York,2019-09-20,20.54
1,New York,2019-09-21,21.58
1,New York,2019-09-22,24.61
1,New York,2019-09-23,22.4
1,New York,2019-09-24,19.53
1,New York,2019-09-25,20.12
1,New York,2019-09-26,18.71
1,New York,2019-09-27,20.65
1,New York,2019-09-28,22.81
1,New York,2019-09-29,18.3
1,New York,2019-09-30,20.29
1,New York,2019-10-01,25.19
1,New York,2019-10-02,16.43
1,New York,2019-10-03,16.15
1,New York,2019-10-04,11.52
1,New York,2019-10-05,16.38
1,New York,2019-10-06,21.94
1,New York,2019-10-07,16.73
1,New York,2019-10-08,14.22
1,New York,2019-10-09,14.94
1,New York,2019-10-10,15.21
1,New York,2019-10-11,15.03
1,New York,2019-10-12,15.2
1,New York,2019-10-13,16.63
1,New York,2019-10-14,14.65
1,New York,2019-10-15,14.73
1,New York,2019-10-16,13.6
1,New York,2019-10-17,12.65
1,New York,2019-10-18,10.6
1,New York,2019-10-19,11.76
1,New York,2019-10-20,13.78
1,New York,2019-10-21,14.31
1,New York,2019-10-22,16.17
1,New York,2019-10-23,13.29
1,New York,2019-10-24,13.07
1,New York,2019-10-25,14.29
1,New York,2019-10-26,15.8
1,New York,2019-10-27,14.77
1,New York,2019-10-28,14.19
1,New York,2019-10-29,15.81
1,New York,2019-10-30,18.54
1,New York,2019-10-31,13.69
1,New York,2019-11-01,8.3
1,New York,2019-11-02,8.82
1,New York,2019-11-03,8.88
1,New York,2019-11-04,12.38
1,New York,2019-11-05,10.47
1,New York,2019-11-06,10.04
1,New York,2019-11-07,4.45
1,New York,2019-11-08,1.28
1,New York,2019-11-09,6
1,New York,2019-11-10,9.96
1,New York,2019-11-11,7.93
1,New York,2019-11-12,-1.45
1,New York,2019-11-13,1.27
1,New York,2019-11-14,5.21
1,New York,2019-11-15,4.11
1,New York,2019-11-16,1.98
1,New York,2019-11-17,4.73
1,New York,2019-11-18,6.34
1,New York,2019-11-19,6.25
1,New York,2019-11-20,6.28
1,New York,2019-11-21,9.01
1,New York,2019-11-22,4.16
1,New York,2019-11-23,6.6
1,New York,2019-11-24,6.48
1,New York,2019-11-25,7.64
1,New York,2019-11-26,8.92
1,New York,2019-11-27,9.53
1,New York,2019-11-28,3.26
1,New York,2019-11-29,2.67
1,New York,2019-11-30,1
1,New York,2019-12-01,3.03
1,New York,2019-12-02,1.44
1,New York,2019-12-03,2.34
1,New York,2019-12-04,4.02
1,New York,2019-12-05,4.59
1,New York,2019-12-06,3.02
1,New York,2019-12-07,0.69
1,New York,2019-12-08,7.38
1,New York,2019-12-09,12.59
1,New York,2019-12-10,3.72
1,New York,2019-12-11,-0.18
1,New York,2019-12-12,3.39
1,New York,2019-12-13,9.98
1,New York,2019-12-14,7.38
1,New York,2019-12-15,2.26
1,New York,2019-12-16,1.58
1,New York,2019-12-17,1.03
1,New York,2019-12-18,-4.56
1,New York,2019-12-19,-3.02
1,New York,2019-12-20,-2.43
1,New York,2019-12-21,0.48
1,New York,2019-12-22,4.67
1,New York,2019-12-23,5.18
1,New York,2019-12-24,1.84
1,New York,2019-12-25,2.81
1,New York,2019-12-26,7.39
1,New York,2019-12-27,6.33
1,New York,2019-12-28,3.61
1,New York,2019-12-29,5.16
1,New York,2019-12-30,4.08
1,New York,2019-12-31,3.84
2,Mexico City,2019-01-01,12.22
2,Mexico City,2019-01-02,11.29
2,Mexico City,2019-01-03,12.59
2,Mexico City,2019-01-04,14.19
2,Mexico City,2019-01-05,14.37
2,Mexico City,2019-01-06,14.13
2,Mexico City,2019-01-07,12.63
2,Mexico City,2019-01-08,11
2,Mexico City,2019-01-09,11.34
2,Mexico City,2019-01-10,13.32
2,Mexico City,2019-01-11,13.41
2,Mexico City,2019-01-12,12.79
2,Mexico City,2019-01-13,11.8
2,Mexico City,2019-01-14,11.1
2,Mexico City,2019-01-15,12.89
2,Mexico City,2019-01-16,13
2,Mexico City,2019-01-17,13.25
2,Mexico City,2019-01-18,12.9
2,Mexico City,2019-01-19,12.06
2,Mexico City,2019-01-20,11.36
2,Mexico City,2019-01-21,11.86
2,Mexico City,2019-01-22,13.13
2,Mexico City,2019-01-23,13.81
2,Mexico City,2019-01-24,13.65
2,Mexico City,2019-01-25,13.79
2,Mexico City,2019-01-26,12.29
2,Mexico City,2019-01-27,11.39
2,Mexico City,2019-01-28,11.87
2,Mexico City,2019-01-29,12.55
2,Mexico City,2019-01-30,11.87
2,Mexico City,2019-01-31,12.47
2,Mexico City,2019-02-01,13.57
2,Mexico City,2019-02-02,14.42
2,Mexico City,2019-02-03,15.12
2,Mexico City,2019-02-04,15.92
2,Mexico City,2019-02-05,16.48
2,Mexico City,2019-02-06,16.65
2,Mexico City,2019-02-07,14.53
2,Mexico City,2019-02-08,12.58
2,Mexico City,2019-02-09,13.22
2,Mexico City,2019-02-10,15.02
2,Mexico City,2019-02-11,14.41
2,Mexico City,2019-02-12,12.52
2,Mexico City,2019-02-13,14.33
2,Mexico City,2019-02-14,16.64
2,Mexico City,2019-02-15,17.19
2,Mexico City,2019-02-16,17.91
2,Mexico City,2019-02-17,17.12
2,Mexico City,2019-02-18,16.18
2,Mexico City,2019-02-19,15.16
2,Mexico City,2019-02-20,15.44
2,Mexico City,2019-02-21,15
2,Mexico City,2019-02-22,16.46
2,Mexico City,2019-02-23,15.93
2,Mexico City,2019-02-24,14.22
2,Mexico City,2019-02-25,14.72
2,Mexico City,2019-02-26,16.54
2,Mexico City,2019-02-27,16.67
2,Mexico City,2019-02-28,17.13
2,Mexico City,2019-03-01,17.57
2,Mexico City,2019-03-02,17.97
2,Mexico City,2019-03-03,18.3
2,Mexico City,2019-03-04,16.08
2,Mexico City,2019-03-05,15.78
2,Mexico City,2019-03-06,16.72
2,Mexico City,2019-03-07,17.77
2,Mexico City,2019-03-08,18.13
2,Mexico City,2019-03-09,18.75
2,Mexico City,2019-03-10,19.73
2,Mexico City,2019-03-11,18.4
2,Mexico City,2019-03-12,17.34
2,Mexico City,2019-03-13,17.8
2,Mexico City,2019-03-14,18.2
2,Mexico City,2019-03-15,16.04
2,Mexico City,2019-03-16,16.01
2,Mexico City,2019-03-17,15.63
2,Mexico City,2019-03-18,15
2,Mexico City,2019-03-19,15.27
2,Mexico City,2019-03-20,15.01
2,Mexico City,2019-03-21,15.21
2,Mexico City,2019-03-22,14.89
2,Mexico City,2019-03-23,16.24
2,Mexico City,2019-03-24,17.86
2,Mexico City,2019-03-25,15.39
2,Mexico City,2019-03-26,14.91
2,Mexico City,2019-03-27,15.65
2,Mexico City,2019-03-28,17.24
2,Mexico City,2019-03-29,18.42
2,Mexico City,2019-03-30,18.42
2,Mexico City,2019-03-31,17.08
2,Mexico City,2019-04-01,18.07
2,Mexico City,2019-04-02,17.46
2,Mexico City,2019-04-03,17.12
2,Mexico City,2019-04-04,17.27
2,Mexico City,2019-04-05,16.88
2,Mexico City,2019-04-06,16.67
2,Mexico City,2019-04-07,16.52
2,Mexico City,2019-04-08,15.01
2,Mexico City,2019-04-09,16.18
2,Mexico City,2019-04-10,18.19
2,Mexico City,2019-04-11,17.43
2,Mexico City,2019-04-12,17.19
2,Mexico City,2019-04-13,17.45
2,Mexico City,2019-04-14,17.03
2,Mexico City,2019-04-15,19.59
2,Mexico City,2019-04-16,20
2,Mexico City,2019-04-17,20.41
2,Mexico City,2019-04-18,17.18
2,Mexico City,2019-04-19,16.94
2,Mexico City,2019-04-20,18.8
2,Mexico City,2019-04-21,19.59
2,Mexico City,2019-04-22,19.38
2,Mexico City,2019-04-23,19.41
2,Mexico City,2019-04-24,18.58
2,Mexico City,2019-04-25,18.49
2,Mexico City,2019-04-26,17.52
2,Mexico City,2019-04-27,19.08
2,Mexico City,2019-04-28,18.58
2,Mexico City,2019-04-29,17.45
2,Mexico City,2019-04-30,17.6
2,Mexico City,2019-05-01,19.25
2,Mexico City,2019-05-02,18.67
2,Mexico City,2019-05-03,19.33
2,Mexico City,2019-05-04,19.6
2,Mexico City,2019-05-05,18.61
2,Mexico City,2019-05-06,18.99
2,Mexico City,2019-05-07,19.62
2,Mexico City,2019-05-08,19.32
2,Mexico City,2019-05-09,19.31
2,Mexico City,2019-05-10,20.27
2,Mexico City,2019-05-11,20.24
2,Mexico City,2019-05-12,20.21
2,Mexico City,2019-05-13,20.42
2,Mexico City,2019-05-14,20.75
2,Mexico City,2019-05-15,19.17
2,Mexico City,2019-05-16,17.32
2,Mexico City,2019-05-17,18.33
2,Mexico City,2019-05-18,19.08
2,Mexico City,2019-05-19,19.79
2,Mexico City,2019-05-20,19.94
2,Mexico City,2019-05-21,19.87
2,Mexico City,2019-05-22,20.21
2,Mexico City,2019-05-23,19.13
2,Mexico City,2019-05-24,18.96
2,Mexico City,2019-05-25,19.74
2,Mexico City,2019-05-26,19.72
2,Mexico City,2019-05-27,20.5
2,Mexico City,2019-05-28,20.85
2,Mexico City,2019-05-29,22
2,Mexico City,2019-05-30,19.61
2,Mexico City,2019-05-31,19.04
2,Mexico City,2019-06-01,18.37
2,Mexico City,2019-06-02,17.83
2,Mexico City,2019-06-03,17.12
2,Mexico City,2019-06-04,17.28
2,Mexico City,2019-06-05,17.63
2,Mexico City,2019-06-06,17.78
2,Mexico City,2019-06-07,18.27
2,Mexico City,2019-06-08,19.41
2,Mexico City,2019-06-09,18.59
2,Mexico City,2019-06-10,17.65
2,Mexico City,2019-06-11,18.71
2,Mexico City,2019-06-12,17.82
2,Mexico City,2019-06-13,17.26
2,Mexico City,2019-06-14,18.25
2,Mexico City,2019-06-15,19.49
2,Mexico City,2019-06-16,20.5
2,Mexico City,2019-06-17,20.23
2,Mexico City,2019-06-18,18.7
2,Mexico City,2019-06-19,17.91
2,Mexico City,2019-06-20,18.53
2,Mexico City,2019-06-21,18.7
2,Mexico City,2019-06-22,17.99
2,Mexico City,2019-06-23,17.39
2,Mexico City,2019-06-24,16.84
2,Mexico City,2019-06-25,16.75
2,Mexico City,2019-06-26,16.67
2,Mexico City,2019-06-27,16.52
2,Mexico City,2019-06-28,15.28
2,Mexico City,2019-06-29,15.32
2,Mexico City,2019-06-30,15.38
2,Mexico City,2019-07-01,15.63
2,Mexico City,2019-07-02,15.49
2,Mexico City,2019-07-03,15.42
2,Mexico City,2019-07-04,17.49
2,Mexico City,2019-07-05,17.48
2,Mexico City,2019-07-06,17.01
2,Mexico City,2019-07-07,17.08
2,Mexico City,2019-07-08,16.26
2,Mexico City,2019-07-09,17.18
2,Mexico City,2019-07-10,15.96
2,Mexico City,2019-07-11,16.05
2,Mexico City,2019-07-12,16.35
2,Mexico City,2019-07-13,16.25
2,Mexico City,2019-07-14,17.18
2,Mexico City,2019-07-15,16.45
2,Mexico City,2019-07-16,16.08
2,Mexico City,2019-07-17,15.45
2,Mexico City,2019-07-18,15.9
2,Mexico City,2019-07-19,16.26
2,Mexico City,2019-07-20,16.4
2,Mexico City,2019-07-21,15.83
2,Mexico City,2019-07-22,16.57
2,Mexico City,2019-07-23,15.76
2,Mexico City,2019-07-24,15.01
2,Mexico City,2019-07-25,14.24
2,Mexico City,2019-07-26,16.13
2,Mexico City,2019-07-27,16.37
2,Mexico City,2019-07-28,15.48
2,Mexico City,2019-07-29,15.62
2,Mexico City,2019-07-30,16.58
2,Mexico City,2019-07-31,15.93
2,Mexico City,2019-08-01,16.08
2,Mexico City,2019-08-02,16.27
2,Mexico City,2019-08-03,17.42
2,Mexico City,2019-08-04,17.16
2,Mexico City,2019-08-05,15.78
2,Mexico City,2019-08-06,15.82
2,Mexico City,2019-08-07,16.55
2,Mexico City,2019-08-08,17.33
2,Mexico City,2019-08-09,17.56
2,Mexico City,2019-08-10,17.25
2,Mexico City,2019-08-11,17.2
2,Mexico City,2019-08-12,16.77
2,Mexico City,2019-08-13,16.69
2,Mexico City,2019-08-14,17.36
2,Mexico City,2019-08-15,17.09
2,Mexico City,2019-08-16,18.03
2,Mexico City,2019-08-17,17.12
2,Mexico City,2019-08-18,16.86
2,Mexico City,2019-08-19,15.45
2,Mexico City,2019-08-20,16.38
2,Mexico City,2019-08-21,16.4
2,Mexico City,2019-08-22,16.81
2,Mexico City,2019-08-23,16.12
2,Mexico City,2019-08-24,17.2
2,Mexico City,2019-08-25,17.18
2,Mexico City,2019-08-26,16.89
2,Mexico City,2019-08-27,16.68
2,Mexico City,2019-08-28,16.6
2,Mexico City,2019-08-29,16.46
2,Mexico City,2019-08-30,16.46
2,Mexico City,2019-08-31,16.12
2,Mexico City,2019-09-01,16.78
2,Mexico City,2019-09-02,15.65
2,Mexico City,2019-09-03,16.91
2,Mexico City,2019-09-04,16.66
2,Mexico City,2019-09-05,16.56
2,Mexico City,2019-09-06,16.34
2,Mexico City,2019-09-07,15.26
2,Mexico City,2019-09-08,16.86
2,Mexico City,2019-09-09,16.58
2,Mexico City,2019-09-10,15.76
2,Mexico City,2019-09-11,16.23
2,Mexico City,2019-09-12,15.64
2,Mexico City,2019-09-13,15.75
2,Mexico City,2019-09-14,15.92
2,Mexico City,2019-09-15,16.32
2,Mexico City,2019-09-16,16.76
2,Mexico City,2019-09-17,17.12
2,Mexico City,2019-09-18,16.59
2,Mexico City,2019-09-19,15.97
2,Mexico City,2019-09-20,16.56
2,Mexico City,2019-09-21,17.16
2,Mexico City,2019-09-22,16.74
2,Mexico City,2019-09-23,17.02
2,Mexico City,2019-09-24,16.9
2,Mexico City,2019-09-25,16.3
2,Mexico City,2019-09-26,17.25
2,Mexico City,2019-09-27,17.04
2,Mexico City,2019-09-28,16.18
2,Mexico City,2019-09-29,15.15
2,Mexico City,2019-09-30,16.13
2,Mexico City,2019-10-01,16.1
2,Mexico City,2019-10-02,15.66
2,Mexico City,2019-10-03,15.66
2,Mexico City,2019-10-04,16.38
2,Mexico City,2019-10-05,15.98
2,Mexico City,2019-10-06,15.17
2,Mexico City,2019-10-07,14.61
2,Mexico City,2019-10-08,15.78
2,Mexico City,2019-10-09,17.17
2,Mexico City,2019-10-10,17.43
2,Mexico City,2019-10-11,16.57
2,Mexico City,2019-10-12,16.19
2,Mexico City,2019-10-13,16.83
2,Mexico City,2019-10-14,16.65
2,Mexico City,2019-10-15,16.01
2,Mexico City,2019-10-16,14.49
2,Mexico City,2019-10-17,15.97
2,Mexico City,2019-10-18,16.72
2,Mexico City,2019-10-19,17.35
2,Mexico City,2019-10-20,17.18
2,Mexico City,2019-10-21,15.82
2,Mexico City,2019-10-22,14.5
2,Mexico City,2019-10-23,14.98
2,Mexico City,2019-10-24,15.36
2,Mexico City,2019-10-25,15.06
2,Mexico City,2019-10-26,15.46
2,Mexico City,2019-10-27,15.23
2,Mexico City,2019-10-28,16.14
2,Mexico City,2019-10-29,16.4
2,Mexico City,2019-10-30,14.89
2,Mexico City,2019-10-31,13.58
2,Mexico City,2019-11-01,14.46
2,Mexico City,2019-11-02,13.5
2,Mexico City,2019-11-03,14.03
2,Mexico City,2019-11-04,14.54
2,Mexico City,2019-11-05,14.65
2,Mexico City,2019-11-06,15.35
2,Mexico City,2019-11-07,15.33
2,Mexico City,2019-11-08,14.98
2,Mexico City,2019-11-09,15.28
2,Mexico City,2019-11-10,15.58
2,Mexico City,2019-11-11,14.59
2,Mexico City,2019-11-12,13.51
2,Mexico City,2019-11-13,14.19
2,Mexico City,2019-11-14,14.23
2,Mexico City,2019-11-15,13.55
2,Mexico City,2019-11-16,13.79
2,Mexico City,2019-11-17,14.77
2,Mexico City,2019-11-18,15.29
2,Mexico City,2019-11-19,15.82
2,Mexico City,2019-11-20,15.77
2,Mexico City,2019-11-21,15.36
2,Mexico City,2019-11-22,15.36
2,Mexico City,2019-11-23,15.26
2,Mexico City,2019-11-24,15.41
2,Mexico City,2019-11-25,16.82
2,Mexico City,2019-11-26,15.28
2,Mexico City,2019-11-27,15.34
2,Mexico City,2019-11-28,15.54
2,Mexico City,2019-11-29,16.04
2,Mexico City,2019-11-30,15.34
2,Mexico City,2019-12-01,14.1
2,Mexico City,2019-12-02,14.22
2,Mexico City,2019-12-03,14.29
2,Mexico City,2019-12-04,14.01
2,Mexico City,2019-12-05,13.98
2,Mexico City,2019-12-06,12.44
2,Mexico City,2019-12-07,12.78
2,Mexico City,2019-12-08,13.69
2,Mexico City,2019-12-09,13.56
2,Mexico City,2019-12-10,13.59
2,Mexico City,2019-12-11,12.66
2,Mexico City,2019-12-12,14.51
2,Mexico City,2019-12-13,12.75
2,Mexico City,2019-12-14,12.7
2,Mexico City,2019-12-15,13.23
2,Mexico City,2019-12-16,12.87
2,Mexico City,2019-12-17,10.55
2,Mexico City,2019-12-18,10.65
2,Mexico City,2019-12-19,11.83
2,Mexico City,2019-12-20,12.29
2,Mexico City,2019-12-21,10.27
2,Mexico City,2019-12-22,11.44
2,Mexico City,2019-12-23,12.79
2,Mexico City,2019-12-24,13.13
2,Mexico City,2019-12-25,13.33
2,Mexico City,2019-12-26,13.91
2,Mexico City,2019-12-27,13.87
2,Mexico City,2019-12-28,13.08
2,Mexico City,2019-12-29,13.62
2,Mexico City,2019-12-30,13.76
2,Mexico City,2019-12-31,14.06
3,Mumbai,2019-01-01,23.27
3,Mumbai,2019-01-02,23.72
3,Mumbai,2019-01-03,23.47
3,Mumbai,2019-01-04,23.68
3,Mumbai,2019-01-05,23.29
3,Mumbai,2019-01-06,23.34
3,Mumbai,2019-01-07,23.42
3,Mumbai,2019-01-08,23.19
3,Mumbai,2019-01-09,22.74
3,Mumbai,2019-01-10,23.32
3,Mumbai,2019-01-11,23.07
3,Mumbai,2019-01-12,22.77
3,Mumbai,2019-01-13,23.01
3,Mumbai,2019-01-14,23.82
3,Mumbai,2019-01-15,24.38
3,Mumbai,2019-01-16,24.16
3,Mumbai,2019-01-17,24.19
3,Mumbai,2019-01-18,24.2
3,Mumbai,2019-01-19,24.43
3,Mumbai,2019-01-20,24.52
3,Mumbai,2019-01-21,23.64
3,Mumbai,2019-01-22,22.82
3,Mumbai,2019-01-23,22.32
3,Mumbai,2019-01-24,22.29
3,Mumbai,2019-01-25,22
3,Mumbai,2019-01-26,22.32
3,Mumbai,2019-01-27,23.06
3,Mumbai,2019-01-28,22.91
3,Mumbai,2019-01-29,22.73
3,Mumbai,2019-01-30,22.86
3,Mumbai,2019-01-31,22.85
3,Mumbai,2019-02-01,22.95
3,Mumbai,2019-02-02,22.8
3,Mumbai,2019-02-03,23.59
3,Mumbai,2019-02-04,24.09
3,Mumbai,2019-02-05,24.09
3,Mumbai,2019-02-06,23.42
3,Mumbai,2019-02-07,21.77
3,Mumbai,2019-02-08,20.05
3,Mumbai,2019-02-09,21.37
3,Mumbai,2019-02-10,22.36
3,Mumbai,2019-02-11,23.95
3,Mumbai,2019-02-12,25.49
3,Mumbai,2019-02-13,24.84
3,Mumbai,2019-02-14,24.17
3,Mumbai,2019-02-15,23.45
3,Mumbai,2019-02-16,23.32
3,Mumbai,2019-02-17,23.31
3,Mumbai,2019-02-18,23.61
3,Mumbai,2019-02-19,24.12
3,Mumbai,2019-02-20,24.33
3,Mumbai,2019-02-21,24.32
3,Mumbai,2019-02-22,25.29
3,Mumbai,2019-02-23,25.82
3,Mumbai,2019-02-24,25.49
3,Mumbai,2019-02-25,24.82
3,Mumbai,2019-02-26,24.46
3,Mumbai,2019-02-27,23.8
3,Mumbai,2019-02-28,24.28
3,Mumbai,2019-03-01,24.12
3,Mumbai,2019-03-02,24.59
3,Mumbai,2019-03-03,24.01
3,Mumbai,2019-03-04,24.25
3,Mumbai,2019-03-05,24.1
3,Mumbai,2019-03-06,23.64
3,Mumbai,2019-03-07,24.28
3,Mumbai,2019-03-08,24.9
3,Mumbai,2019-03-09,25.82
3,Mumbai,2019-03-10,25.57
3,Mumbai,2019-03-11,24.56
3,Mumbai,2019-03-12,24.61
3,Mumbai,2019-03-13,24.6
3,Mumbai,2019-03-14,25.04
3,Mumbai,2019-03-15,26.12
3,Mumbai,2019-03-16,25.8
3,Mumbai,2019-03-17,25.61
3,Mumbai,2019-03-18,26.4
3,Mumbai,2019-03-19,26.03
3,Mumbai,2019-03-20,25.25
3,Mumbai,2019-03-21,24.82
3,Mumbai,2019-03-22,25.79
3,Mumbai,2019-03-23,27.31
3,Mumbai,2019-03-24,28.52
3,Mumbai,2019-03-25,29.25
3,Mumbai,2019-03-26,28.74
3,Mumbai,2019-03-27,26.96
3,Mumbai,2019-03-28,26.81
3,Mumbai,2019-03-29,27.69
3,Mumbai,2019-03-30,27.14
3,Mumbai,2019-03-31,27.32
3,Mumbai,2019-04-01,26.42
3,Mumbai,2019-04-02,26.28
3,Mumbai,2019-04-03,27.04
3,Mumbai,2019-04-04,27.19
3,Mumbai,2019-04-05,27.21
3,Mumbai,2019-04-06,27.46
3,Mumbai,2019-04-07,27.4
3,Mumbai,2019-04-08,27.58
3,Mumbai,2019-04-09,27.43
3,Mumbai,2019-04-10,27.48
3,Mumbai,2019-04-11,28.15
3,Mumbai,2019-04-12,28.45
3,Mumbai,2019-04-13,29.28
3,Mumbai,2019-04-14,29.22
3,Mumbai,2019-04-15,29.02
3,Mumbai,2019-04-16,28.43
3,Mumbai,2019-04-17,27.6
3,Mumbai,2019-04-18,27.63
3,Mumbai,2019-04-19,28.83
3,Mumbai,2019-04-20,28.08
3,Mumbai,2019-04-21,27.77
3,Mumbai,2019-04-22,28.13
3,Mumbai,2019-04-23,28.44
3,Mumbai,2019-04-24,28.77
3,Mumbai,2019-04-25,29.08
3,Mumbai,2019-04-26,29.61
3,Mumbai,2019-04-27,30.47
3,Mumbai,2019-04-28,30.35
3,Mumbai,2019-04-29,29.15
3,Mumbai,2019-04-30,28.46
3,Mumbai,2019-05-01,27.9
3,Mumbai,2019-05-02,27.73
3,Mumbai,2019-05-03,28.04
3,Mumbai,2019-05-04,28.42
3,Mumbai,2019-05-05,28.3
3,Mumbai,2019-05-06,28.42
3,Mumbai,2019-05-07,28.47
3,Mumbai,2019-05-08,28.44
3,Mumbai,2019-05-09,28.56
3,Mumbai,2019-05-10,28.68
3,Mumbai,2019-05-11,28.25
3,Mumbai,2019-05-12,28.44
3,Mumbai,2019-05-13,28.46
3,Mumbai,2019-05-14,28.36
3,Mumbai,2019-05-15,28.26
3,Mumbai,2019-05-16,28.42
3,Mumbai,2019-05-17,28.76
3,Mumbai,2019-05-18,29.13
3,Mumbai,2019-05-19,29.32
3,Mumbai,2019-05-20,29.41
3,Mumbai,2019-05-21,29.46
3,Mumbai,2019-05-22,29.08
3,Mumbai,2019-05-23,29.22
3,Mumbai,2019-05-24,29.25
3,Mumbai,2019-05-25,29.1
3,Mumbai,2019-05-26,29.09
3,Mumbai,2019-05-27,29.23
3,Mumbai,2019-05-28,29.26
3,Mumbai,2019-05-29,29.29
3,Mumbai,2019-05-30,29.24
3,Mumbai,2019-05-31,29.4
3,Mumbai,2019-06-01,29.77
3,Mumbai,2019-06-02,30.07
3,Mumbai,2019-06-03,29.98
3,Mumbai,2019-06-04,29.8
3,Mumbai,2019-06-05,29.98
3,Mumbai,2019-06-06,29.75
3,Mumbai,2019-06-07,30.05
3,Mumbai,2019-06-08,30.23
3,Mumbai,2019-06-09,30.03
3,Mumbai,2019-06-10,29.82
3,Mumbai,2019-06-11,30.09
3,Mumbai,2019-06-12,28.69
3,Mumbai,2019-06-13,27.89
3,Mumbai,2019-06-14,27.97
3,Mumbai,2019-06-15,28.1
3,Mumbai,2019-06-16,28.16
3,Mumbai,2019-06-17,27.91
3,Mumbai,2019-06-18,27.56
3,Mumbai,2019-06-19,27.85
3,Mumbai,2019-06-20,28.31
3,Mumbai,2019-06-21,28.48
3,Mumbai,2019-06-22,28.57
3,Mumbai,2019-06-23,28.67
3,Mumbai,2019-06-24,28.04
3,Mumbai,2019-06-25,28.25
3,Mumbai,2019-06-26,28.02
3,Mumbai,2019-06-27,27.51
3,Mumbai,2019-06-28,26.99
3,Mumbai,2019-06-29,26.85
3,Mumbai,2019-06-30,26.81
3,Mumbai,2019-07-01,26.67
3,Mumbai,2019-07-02,26.95
3,Mumbai,2019-07-03,27.08
3,Mumbai,2019-07-04,27.35
3,Mumbai,2019-07-05,26.87
3,Mumbai,2019-07-06,26.69
3,Mumbai,2019-07-07,27
3,Mumbai,2019-07-08,27.07
3,Mumbai,2019-07-09,27.12
3,Mumbai,2019-07-10,26.76
3,Mumbai,2019-07-11,26.69
3,Mumbai,2019-07-12,26.97
3,Mumbai,2019-07-13,26.93
3,Mumbai,2019-07-14,26.96
3,Mumbai,2019-07-15,26.99
3,Mumbai,2019-07-16,26.94
3,Mumbai,2019-07-17,27
3,Mumbai,2019-07-18,27.27
3,Mumbai,2019-07-19,27.86
3,Mumbai,2019-07-20,27.74
3,Mumbai,2019-07-21,27.66
3,Mumbai,2019-07-22,27.98
3,Mumbai,2019-07-23,27.71
3,Mumbai,2019-07-24,27.27
3,Mumbai,2019-07-25,27.22
3,Mumbai,2019-07-26,26.77
3,Mumbai,2019-07-27,26.97
3,Mumbai,2019-07-28,26.59
3,Mumbai,2019-07-29,26.47
3,Mumbai,2019-07-30,26.92
3,Mumbai,2019-07-31,27.01
3,Mumbai,2019-08-01,26.48
3,Mumbai,2019-08-02,26.56
3,Mumbai,2019-08-03,26.54
3,Mumbai,2019-08-04,26.74
3,Mumbai,2019-08-05,26.63
3,Mumbai,2019-08-06,26.84
3,Mumbai,2019-08-07,27.38
3,Mumbai,2019-08-08,27.38
3,Mumbai,2019-08-09,27.34
3,Mumbai,2019-08-10,27.37
3,Mumbai,2019-08-11,26.96
3,Mumbai,2019-08-12,26.63
3,Mumbai,2019-08-13,26.77
3,Mumbai,2019-08-14,26.67
3,Mumbai,2019-08-15,26.51
3,Mumbai,2019-08-16,26.65
3,Mumbai,2019-08-17,27.05
3,Mumbai,2019-08-18,26.91
3,Mumbai,2019-08-19,27.01
3,Mumbai,2019-08-20,27.21
3,Mumbai,2019-08-21,26.57
3,Mumbai,2019-08-22,26.53
3,Mumbai,2019-08-23,26.42
3,Mumbai,2019-08-24,26.58
3,Mumbai,2019-08-25,26.63
3,Mumbai,2019-08-26,26.64
3,Mumbai,2019-08-27,26.51
3,Mumbai,2019-08-28,26.8
3,Mumbai,2019-08-29,27.15
3,Mumbai,2019-08-30,27.3
3,Mumbai,2019-08-31,27.1
3,Mumbai,2019-09-01,26.96
3,Mumbai,2019-09-02,26.88
3,Mumbai,2019-09-03,26.87
3,Mumbai,2019-09-04,26.65
3,Mumbai,2019-09-05,26.84
3,Mumbai,2019-09-06,26.98
3,Mumbai,2019-09-07,26.95
3,Mumbai,2019-09-08,26.77
3,Mumbai,2019-09-09,26.85
3,Mumbai,2019-09-10,26.65
3,Mumbai,2019-09-11,26.57
3,Mumbai,2019-09-12,26.48
3,Mumbai,2019-09-13,26.08
3,Mumbai,2019-09-14,26.39
3,Mumbai,2019-09-15,26.38
3,Mumbai,2019-09-16,26.7
3,Mumbai,2019-09-17,27.05
3,Mumbai,2019-09-18,27.07
3,Mumbai,2019-09-19,26.66
3,Mumbai,2019-09-20,26.65
3,Mumbai,2019-09-21,27.22
3,Mumbai,2019-09-22,27.58
3,Mumbai,2019-09-23,27.73
3,Mumbai,2019-09-24,27.51
3,Mumbai,2019-09-25,27.43
3,Mumbai,2019-09-26,27.14
3,Mumbai,2019-09-27,26.67
3,Mumbai,2019-09-28,27.01
3,Mumbai,2019-09-29,27
3,Mumbai,2019-09-30,27.07
3,Mumbai,2019-10-01,27.18
3,Mumbai,2019-10-02,27.78
3,Mumbai,2019-10-03,27.9
3,Mumbai,2019-10-04,27.68
3,Mumbai,2019-10-05,27.45
3,Mumbai,2019-10-06,27.68
3,Mumbai,2019-10-07,27.68
3,Mumbai,2019-10-08,28.42
3,Mumbai,2019-10-09,27.92
3,Mumbai,2019-10-10,28.15
3,Mumbai,2019-10-11,27.53
3,Mumbai,2019-10-12,27.89
3,Mumbai,2019-10-13,28.5
3,Mumbai,2019-10-14,29.44
3,Mumbai,2019-10-15,29.58
3,Mumbai,2019-10-16,29.25
3,Mumbai,2019-10-17,29.29
3,Mumbai,2019-10-18,28.57
3,Mumbai,2019-10-19,27.05
3,Mumbai,2019-10-20,26.21
3,Mumbai,2019-10-21,27.3
3,Mumbai,2019-10-22,26.4
3,Mumbai,2019-10-23,26.63
3,Mumbai,2019-10-24,27.2
3,Mumbai,2019-10-25,27.57
3,Mumbai,2019-10-26,26.95
3,Mumbai,2019-10-27,27.7
3,Mumbai,2019-10-28,27.9
3,Mumbai,2019-10-29,28.23
3,Mumbai,2019-10-30,28.95
3,Mumbai,2019-10-31,29.03
3,Mumbai,2019-11-01,27.66
3,Mumbai,2019-11-02,27.39
3,Mumbai,2019-11-03,27.49
3,Mumbai,2019-11-04,27.68
3,Mumbai,2019-11-05,28.12
3,Mumbai,2019-11-06,27.67
3,Mumbai,2019-11-07,27.11
3,Mumbai,2019-11-08,26.38
3,Mumbai,2019-11-09,26.21
3,Mumbai,2019-11-10,26.86
3,Mumbai,2019-11-11,27.79
3,Mumbai,2019-11-12,27.95
3,Mumbai,2019-11-13,28.18
3,Mumbai,2019-11-14,27.55
3,Mumbai,2019-11-15,28.06
3,Mumbai,2019-11-16,28.14
3,Mumbai,2019-11-17,28.39
3,Mumbai,2019-11-18,27.56
3,Mumbai,2019-11-19,27.36
3,Mumbai,2019-11-20,27.22
3,Mumbai,2019-11-21,27.83
3,Mumbai,2019-11-22,27.99
3,Mumbai,2019-11-23,27.73
3,Mumbai,2019-11-24,27.37
3,Mumbai,2019-11-25,27.17
3,Mumbai,2019-11-26,27.41
3,Mumbai,2019-11-27,27.29
3,Mumbai,2019-11-28,27.57
3,Mumbai,2019-11-29,27.56
3,Mumbai,2019-11-30,27.79
3,Mumbai,2019-12-01,27.84
3,Mumbai,2019-12-02,28.07
3,Mumbai,2019-12-03,27.94
3,Mumbai,2019-12-04,27.8
3,Mumbai,2019-12-05,27.21
3,Mumbai,2019-12-06,27.49
3,Mumbai,2019-12-07,26.7
3,Mumbai,2019-12-08,26.84
3,Mumbai,2019-12-09,27.2
3,Mumbai,2019-12-10,27.07
3,Mumbai,2019-12-11,26.67
3,Mumbai,2019-12-12,25.96
3,Mumbai,2019-12-13,25.24
3,Mumbai,2019-12-14,24.96
3,Mumbai,2019-12-15,25.16
3,Mumbai,2019-12-16,25.85
3,Mumbai,2019-12-17,26.09
3,Mumbai,2019-12-18,26.05
3,Mumbai,2019-12-19,25.89
3,Mumbai,2019-12-20,25.72
3,Mumbai,2019-12-21,26.17
3,Mumbai,2019-12-22,26.74
3,Mumbai,2019-12-23,26.65
3,Mumbai,2019-12-24,26.57
3,Mumbai,2019-12-25,26.14
3,Mumbai,2019-12-26,25.4
3,Mumbai,2019-12-27,25.46
3,Mumbai,2019-12-28,25.8
3,Mumbai,2019-12-29,25.34
3,Mumbai,2019-12-30,24.21
3,Mumbai,2019-12-31,22.87
4,São Paulo,2019-01-01,24.98
4,São Paulo,2019-01-02,26.29
4,São Paulo,2019-01-03,23.65
4,São Paulo,2019-01-04,22.09
4,São Paulo,2019-01-05,23.52
4,São Paulo,2019-01-06,25.91
4,São Paulo,2019-01-07,26.07
4,São Paulo,2019-01-08,25.43
4,São Paulo,2019-01-09,26.17
4,São Paulo,2019-01-10,24.61
4,São Paulo,2019-01-11,23.61
4,São Paulo,2019-01-12,23.47
4,São Paulo,2019-01-13,24.37
4,São Paulo,2019-01-14,25.21
4,São Paulo,2019-01-15,25.27
4,São Paulo,2019-01-16,24.96
4,São Paulo,2019-01-17,24.61
4,São Paulo,2019-01-18,25.41
4,São Paulo,2019-01-19,24.15
4,São Paulo,2019-01-20,25.5
4,São Paulo,2019-01-21,24.7
4,São Paulo,2019-01-22,24.83
4,São Paulo,2019-01-23,23.39
4,São Paulo,2019-01-24,21.41
4,São Paulo,2019-01-25,21.17
4,São Paulo,2019-01-26,23.65
4,São Paulo,2019-01-27,25.67
4,São Paulo,2019-01-28,26.14
4,São Paulo,2019-01-29,25.81
4,São Paulo,2019-01-30,25.45
4,São Paulo,2019-01-31,25.75
4,São Paulo,2019-02-01,25.88
4,São Paulo,2019-02-02,24.55
4,São Paulo,2019-02-03,20.1
4,São Paulo,2019-02-04,19.21
4,São Paulo,2019-02-05,18.35
4,São Paulo,2019-02-06,20.2
4,São Paulo,2019-02-07,22.04
4,São Paulo,2019-02-08,23.23
4,São Paulo,2019-02-09,24.26
4,São Paulo,2019-02-10,26.01
4,São Paulo,2019-02-11,24.29
4,São Paulo,2019-02-12,20.52
4,São Paulo,2019-02-13,19.92
4,São Paulo,2019-02-14,19.95
4,São Paulo,2019-02-15,20.64
4,São Paulo,2019-02-16,21.65
4,São Paulo,2019-02-17,23.14
4,São Paulo,2019-02-18,24.32
4,São Paulo,2019-02-19,23.45
4,São Paulo,2019-02-20,22.37
4,São Paulo,2019-02-21,23.12
4,São Paulo,2019-02-22,24.7
4,São Paulo,2019-02-23,26.15
4,São Paulo,2019-02-24,25.43
4,São Paulo,2019-02-25,21.59
4,São Paulo,2019-02-26,21.97
4,São Paulo,2019-02-27,21.22
4,São Paulo,2019-02-28,21.26
4,São Paulo,2019-03-01,22.42
4,São Paulo,2019-03-02,22
4,São Paulo,2019-03-03,22.09
4,São Paulo,2019-03-04,23.47
4,São Paulo,2019-03-05,23.98
4,São Paulo,2019-03-06,23.71
4,São Paulo,2019-03-07,24.6
4,São Paulo,2019-03-08,25.77
4,São Paulo,2019-03-09,23.18
4,São Paulo,2019-03-10,21.25
4,São Paulo,2019-03-11,22.94
4,São Paulo,2019-03-12,23.84
4,São Paulo,2019-03-13,23.9
4,São Paulo,2019-03-14,22.65
4,São Paulo,2019-03-15,22.94
4,São Paulo,2019-03-16,22.88
4,São Paulo,2019-03-17,24.14
4,São Paulo,2019-03-18,24.97
4,São Paulo,2019-03-19,22.26
4,São Paulo,2019-03-20,18.98
4,São Paulo,2019-03-21,18.46
4,São Paulo,2019-03-22,20.82
4,São Paulo,2019-03-23,22.16
4,São Paulo,2019-03-24,23.35
4,São Paulo,2019-03-25,22.64
4,São Paulo,2019-03-26,22.15
4,São Paulo,2019-03-27,21.03
4,São Paulo,2019-03-28,20.14
4,São Paulo,2019-03-29,20.46
4,São Paulo,2019-03-30,21.05
4,São Paulo,2019-03-31,21.44
4,São Paulo,2019-04-01,20.94
4,São Paulo,2019-04-02,22.04
4,São Paulo,2019-04-03,23.84
4,São Paulo,2019-04-04,25.34
4,São Paulo,2019-04-05,23.72
4,São Paulo,2019-04-06,23.03
4,São Paulo,2019-04-07,20.86
4,São Paulo,2019-04-08,19.74
4,São Paulo,2019-04-09,19.5
4,São Paulo,2019-04-10,21.34
4,São Paulo,2019-04-11,22.3
4,São Paulo,2019-04-12,22.22
4,São Paulo,2019-04-13,20.17
4,São Paulo,2019-04-14,21.53
4,São Paulo,2019-04-15,22.69
4,São Paulo,2019-04-16,22.1
4,São Paulo,2019-04-17,20.33
4,São Paulo,2019-04-18,20.11
4,São Paulo,2019-04-19,20.67
4,São Paulo,2019-04-20,22.82
4,São Paulo,2019-04-21,22.88
4,São Paulo,2019-04-22,21.86
4,São Paulo,2019-04-23,22.43
4,São Paulo,2019-04-24,23.04
4,São Paulo,2019-04-25,22.3
4,São Paulo,2019-04-26,23.62
4,São Paulo,2019-04-27,23.61
4,São Paulo,2019-04-28,19.58
4,São Paulo,2019-04-29,20.32
4,São Paulo,2019-04-30,21.05
4,São Paulo,2019-05-01,21.92
4,São Paulo,2019-05-02,23.06
4,São Paulo,2019-05-03,23.47
4,São Paulo,2019-05-04,22.02
4,São Paulo,2019-05-05,23.14
4,São Paulo,2019-05-06,21.28
4,São Paulo,2019-05-07,18.85
4,São Paulo,2019-05-08,18.82
4,São Paulo,2019-05-09,20.7
4,São Paulo,2019-05-10,22.23
4,São Paulo,2019-05-11,22.38
4,São Paulo,2019-05-12,22.05
4,São Paulo,2019-05-13,21.59
4,São Paulo,2019-05-14,18.47
4,São Paulo,2019-05-15,17.85
4,São Paulo,2019-05-16,17.67
4,São Paulo,2019-05-17,17.76
4,São Paulo,2019-05-18,18.51
4,São Paulo,2019-05-19,18.48
4,São Paulo,2019-05-20,18.69
4,São Paulo,2019-05-21,18.9
4,São Paulo,2019-05-22,19.49
4,São Paulo,2019-05-23,18.51
4,São Paulo,2019-05-24,15.31
4,São Paulo,2019-05-25,16.87
4,São Paulo,2019-05-26,18.24
4,São Paulo,2019-05-27,19.31
4,São Paulo,2019-05-28,20.47
4,São Paulo,2019-05-29,20.99
4,São Paulo,2019-05-30,22.68
4,São Paulo,2019-05-31,20.95
4,São Paulo,2019-06-01,17.98
4,São Paulo,2019-06-02,17.32
4,São Paulo,2019-06-03,15.16
4,São Paulo,2019-06-04,13.96
4,São Paulo,2019-06-05,16.2
4,São Paulo,2019-06-06,16.38
4,São Paulo,2019-06-07,16.42
4,São Paulo,2019-06-08,14.46
4,São Paulo,2019-06-09,16.02
4,São Paulo,2019-06-10,16.93
4,São Paulo,2019-06-11,18.41
4,São Paulo,2019-06-12,19.99
4,São Paulo,2019-06-13,20.8
4,São Paulo,2019-06-14,20.32
4,São Paulo,2019-06-15,19.99
4,São Paulo,2019-06-16,18.3
4,São Paulo,2019-06-17,18.09
4,São Paulo,2019-06-18,18.6
4,São Paulo,2019-06-19,17.74
4,São Paulo,2019-06-20,17.86
4,São Paulo,2019-06-21,18.17
4,São Paulo,2019-06-22,18.08
4,São Paulo,2019-06-23,18.62
4,São Paulo,2019-06-24,19.98
4,São Paulo,2019-06-25,20.98
4,São Paulo,2019-06-26,19.61
4,São Paulo,2019-06-27,20.89
4,São Paulo,2019-06-28,21.22
4,São Paulo,2019-06-29,20.74
4,São Paulo,2019-06-30,20.75
4,São Paulo,2019-07-01,19.83
4,São Paulo,2019-07-02,21.3
4,São Paulo,2019-07-03,17.47
4,São Paulo,2019-07-04,13.76
4,São Paulo,2019-07-05,10.43
4,São Paulo,2019-07-06,9.23
4,São Paulo,2019-07-07,12.11
4,São Paulo,2019-07-08,13.69
4,São Paulo,2019-07-09,14.76
4,São Paulo,2019-07-10,15.25
4,São Paulo,2019-07-11,15.45
4,São Paulo,2019-07-12,16.99
4,São Paulo,2019-07-13,18.65
4,São Paulo,2019-07-14,17.36
4,São Paulo,2019-07-15,14.45
4,São Paulo,2019-07-16,11.65
4,São Paulo,2019-07-17,13.74
4,São Paulo,2019-07-18,15.1
4,São Paulo,2019-07-19,16.16
4,São Paulo,2019-07-20,16.56
4,São Paulo,2019-07-21,19.06
4,São Paulo,2019-07-22,19.28
4,São Paulo,2019-07-23,18.73
4,São Paulo,2019-07-24,18.35
4,São Paulo,2019-07-25,18.82
4,São Paulo,2019-07-26,19.22
4,São Paulo,2019-07-27,17.81
4,São Paulo,2019-07-28,17.63
4,São Paulo,2019-07-29,18.44
4,São Paulo,2019-07-30,17.09
4,São Paulo,2019-07-31,18.57
4,São Paulo,2019-08-01,20.06
4,São Paulo,2019-08-02,11.72
4,São Paulo,2019-08-03,10.85
4,São Paulo,2019-08-04,13.32
4,São Paulo,2019-08-05,17.02
4,São Paulo,2019-08-06,19.32
4,São Paulo,2019-08-07,20.31
4,São Paulo,2019-08-08,20.65
4,São Paulo,2019-08-09,21.58
4,São Paulo,2019-08-10,19.28
4,São Paulo,2019-08-11,21.52
4,São Paulo,2019-08-12,18.15
4,São Paulo,2019-08-13,12.35
4,São Paulo,2019-08-14,13.95
4,São Paulo,2019-08-15,15.75
4,São Paulo,2019-08-16,18.57
4,São Paulo,2019-08-17,21.28
4,São Paulo,2019-08-18,16.44
4,São Paulo,2019-08-19,15.05
4,São Paulo,2019-08-20,15.51
4,São Paulo,2019-08-21,14.97
4,São Paulo,2019-08-22,15.21
4,São Paulo,2019-08-23,14.69
4,São Paulo,2019-08-24,14.87
4,São Paulo,2019-08-25,16.54
4,São Paulo,2019-08-26,17.33
4,São Paulo,2019-08-27,17.45
4,São Paulo,2019-08-28,18.08
4,São Paulo,2019-08-29,20.33
4,São Paulo,2019-08-30,22.41
4,São Paulo,2019-08-31,17.3
4,São Paulo,2019-09-01,17.04
4,São Paulo,2019-09-02,17.4
4,São Paulo,2019-09-03,17.01
4,São Paulo,2019-09-04,14.28
4,São Paulo,2019-09-05,14.88
4,São Paulo,2019-09-06,19.86
4,São Paulo,2019-09-07,23.17
4,São Paulo,2019-09-08,24.55
4,São Paulo,2019-09-09,24.38
4,São Paulo,2019-09-10,24.82
4,São Paulo,2019-09-11,25.81
4,São Paulo,2019-09-12,19.04
4,São Paulo,2019-09-13,19.31
4,São Paulo,2019-09-14,21.89
4,São Paulo,2019-09-15,24.95
4,São Paulo,2019-09-16,25.03
4,São Paulo,2019-09-17,25.6
4,São Paulo,2019-09-18,21.37
4,São Paulo,2019-09-19,22.25
4,São Paulo,2019-09-20,17.39
4,São Paulo,2019-09-21,16.46
4,São Paulo,2019-09-22,14.27
4,São Paulo,2019-09-23,16.32
4,São Paulo,2019-09-24,16.52
4,São Paulo,2019-09-25,16.63
4,São Paulo,2019-09-26,17.25
4,São Paulo,2019-09-27,16.01
4,São Paulo,2019-09-28,17.96
4,São Paulo,2019-09-29,19.3
4,São Paulo,2019-09-30,21.9
4,São Paulo,2019-10-01,24.72
4,São Paulo,2019-10-02,21.17
4,São Paulo,2019-10-03,20.76
4,São Paulo,2019-10-04,23.62
4,São Paulo,2019-10-05,20.03
4,São Paulo,2019-10-06,18.41
4,São Paulo,2019-10-07,17.62
4,São Paulo,2019-10-08,18.25
4,São Paulo,2019-10-09,20.17
4,São Paulo,2019-10-10,22.35
4,São Paulo,2019-10-11,24.62
4,São Paulo,2019-10-12,26.1
4,São Paulo,2019-10-13,24.16
4,São Paulo,2019-10-14,20.53
4,São Paulo,2019-10-15,20.8
4,São Paulo,2019-10-16,22.3
4,São Paulo,2019-10-17,23.11
4,São Paulo,2019-10-18,22.22
4,São Paulo,2019-10-19,17.44
4,São Paulo,2019-10-20,16.4
4,São Paulo,2019-10-21,19.24
4,São Paulo,2019-10-22,19.75
4,São Paulo,2019-10-23,20.64
4,São Paulo,2019-10-24,21.75
4,São Paulo,2019-10-25,21.25
4,São Paulo,2019-10-26,24.85
4,São Paulo,2019-10-27,25.27
4,São Paulo,2019-10-28,25.32
4,São Paulo,2019-10-29,25.04
4,São Paulo,2019-10-30,23.63
4,São Paulo,2019-10-31,22.27
4,São Paulo,2019-11-01,23.65
4,São Paulo,2019-11-02,25.29
4,São Paulo,2019-11-03,25.79
4,São Paulo,2019-11-04,24.97
4,São Paulo,2019-11-05,19.31
4,São Paulo,2019-11-06,19.41
4,São Paulo,2019-11-07,19.72
4,São Paulo,2019-11-08,21.29
4,São Paulo,2019-11-09,21.66
4,São Paulo,2019-11-10,20.27
4,São Paulo,2019-11-11,19.68
4,São Paulo,2019-11-12,20.84
4,São Paulo,2019-11-13,21.42
4,São Paulo,2019-11-14,19.71
4,São Paulo,2019-11-15,18.21
4,São Paulo,2019-11-16,17.69
4,São Paulo,2019-11-17,18.07
4,São Paulo,2019-11-18,20.45
4,São Paulo,2019-11-19,20.95
4,São Paulo,2019-11-20,22.2
4,São Paulo,2019-11-21,23.26
4,São Paulo,2019-11-22,22.54
4,São Paulo,2019-11-23,16.44
4,São Paulo,2019-11-24,16.8
4,São Paulo,2019-11-25,20
4,São Paulo,2019-11-26,22.13
4,São Paulo,2019-11-27,19.31
4,São Paulo,2019-11-28,18.26
4,São Paulo,2019-11-29,21.68
4,São Paulo,2019-11-30,22.94
4,São Paulo,2019-12-01,18.45
4,São Paulo,2019-12-02,17.52
4,São Paulo,2019-12-03,20.87
4,São Paulo,2019-12-04,23.14
4,São Paulo,2019-12-05,19.74
4,São Paulo,2019-12-06,20.3
4,São Paulo,2019-12-07,19.78
4,São Paulo,2019-12-08,20.52
4,São Paulo,2019-12-09,20.75
4,São Paulo,2019-12-10,21.06
4,São Paulo,2019-12-11,22.04
4,São Paulo,2019-12-12,22.79
4,São Paulo,2019-12-13,22.03
4,São Paulo,2019-12-14,23.84
4,São Paulo,2019-12-15,25.55
4,São Paulo,2019-12-16,23.21
4,São Paulo,2019-12-17,20.34
4,São Paulo,2019-12-18,20.43
4,São Paulo,2019-12-19,21.87
4,São Paulo,2019-12-20,24.04
4,São Paulo,2019-12-21,22.98
4,São Paulo,2019-12-22,21.6
4,São Paulo,2019-12-23,21.3
4,São Paulo,2019-12-24,22.83
4,São Paulo,2019-12-25,22.43
4,São Paulo,2019-12-26,22
4,São Paulo,2019-12-27,23.17
4,São Paulo,2019-12-28,22.96
4,São Paulo,2019-12-29,22.57
4,São Paulo,2019-12-30,23.48
4,São Paulo,2019-12-31,25.11
5,Delhi,2019-01-01,12.83
5,Delhi,2019-01-02,13.85
5,Delhi,2019-01-03,13.04
5,Delhi,2019-01-04,12.66
5,Delhi,2019-01-05,14.1
5,Delhi,2019-01-06,13.58
5,Delhi,2019-01-07,12.98
5,Delhi,2019-01-08,12.95
5,Delhi,2019-01-09,12.83
5,Delhi,2019-01-10,12.8
5,Delhi,2019-01-11,13.99
5,Delhi,2019-01-12,14.29
5,Delhi,2019-01-13,15.06
5,Delhi,2019-01-14,12.58
5,Delhi,2019-01-15,11.12
5,Delhi,2019-01-16,12.52
5,Delhi,2019-01-17,12.76
5,Delhi,2019-01-18,12.68
5,Delhi,2019-01-19,14.68
5,Delhi,2019-01-20,17.18
5,Delhi,2019-01-21,16.89
5,Delhi,2019-01-22,14.46
5,Delhi,2019-01-23,13.75
5,Delhi,2019-01-24,14.42
5,Delhi,2019-01-25,12.87
5,Delhi,2019-01-26,12.31
5,Delhi,2019-01-27,11.38
5,Delhi,2019-01-28,11.85
5,Delhi,2019-01-29,12.23
5,Delhi,2019-01-30,13.18
5,Delhi,2019-01-31,14.6
5,Delhi,2019-02-01,14.75
5,Delhi,2019-02-02,13.11
5,Delhi,2019-02-03,12.76
5,Delhi,2019-02-04,14.09
5,Delhi,2019-02-05,16.35
5,Delhi,2019-02-06,18.15
5,Delhi,2019-02-07,15.41
5,Delhi,2019-02-08,13.95
5,Delhi,2019-02-09,13.47
5,Delhi,2019-02-10,13.57
5,Delhi,2019-02-11,14.64
5,Delhi,2019-02-12,16.25
5,Delhi,2019-02-13,17.75
5,Delhi,2019-02-14,17.1
5,Delhi,2019-02-15,16.23
5,Delhi,2019-02-16,15.59
5,Delhi,2019-02-17,15.6
5,Delhi,2019-02-18,17.17
5,Delhi,2019-02-19,18.68
5,Delhi,2019-02-20,17.47
5,Delhi,2019-02-21,20.96
5,Delhi,2019-02-22,17.65
5,Delhi,2019-02-23,15.96
5,Delhi,2019-02-24,16.14
5,Delhi,2019-02-25,16.78
5,Delhi,2019-02-26,16.02
5,Delhi,2019-02-27,13.84
5,Delhi,2019-02-28,13.98
5,Delhi,2019-03-01,16.2
5,Delhi,2019-03-02,15.07
5,Delhi,2019-03-03,16.86
5,Delhi,2019-03-04,18.02
5,Delhi,2019-03-05,17.24
5,Delhi,2019-03-06,17.32
5,Delhi,2019-03-07,18.71
5,Delhi,2019-03-08,19.52
5,Delhi,2019-03-09,19.42
5,Delhi,2019-03-10,19.22
5,Delhi,2019-03-11,20.07
5,Delhi,2019-03-12,20.46
5,Delhi,2019-03-13,18.96
5,Delhi,2019-03-14,17.34
5,Delhi,2019-03-15,19.24
5,Delhi,2019-03-16,19.54
5,Delhi,2019-03-17,20.08
5,Delhi,2019-03-18,20.65
5,Delhi,2019-03-19,22.89
5,Delhi,2019-03-20,23.94
5,Delhi,2019-03-21,23.56
5,Delhi,2019-03-22,22.37
5,Delhi,2019-03-23,23.39
5,Delhi,2019-03-24,24.2
5,Delhi,2019-03-25,21.76
5,Delhi,2019-03-26,22.61
5,Delhi,2019-03-27,23.89
5,Delhi,2019-03-28,26.1
5,Delhi,2019-03-29,27.69
5,Delhi,2019-03-30,28.71
5,Delhi,2019-03-31,26.78
5,Delhi,2019-04-01,25.15
5,Delhi,2019-04-02,25.39
5,Delhi,2019-04-03,26.87
5,Delhi,2019-04-04,29.07
5,Delhi,2019-04-05,30.05
5,Delhi,2019-04-06,30.16
5,Delhi,2019-04-07,28.28
5,Delhi,2019-04-08,27.56
5,Delhi,2019-04-09,28.77
5,Delhi,2019-04-10,30.16
5,Delhi,2019-04-11,30.55
5,Delhi,2019-04-12,29.79
5,Delhi,2019-04-13,30.4
5,Delhi,2019-04-14,31.44
5,Delhi,2019-04-15,32.14
5,Delhi,2019-04-16,24.99
5,Delhi,2019-04-17,21.68
5,Delhi,2019-04-18,24.33
5,Delhi,2019-04-19,26.25
5,Delhi,2019-04-20,27.87
5,Delhi,2019-04-21,29.85
5,Delhi,2019-04-22,30.86
5,Delhi,2019-04-23,32.66
5,Delhi,2019-04-24,33.31
5,Delhi,2019-04-25,32.73
5,Delhi,2019-04-26,33.57
5,Delhi,2019-04-27,33.67
5,Delhi,2019-04-28,33.7
5,Delhi,2019-04-29,33.28
5,Delhi,2019-04-30,34.69
5,Delhi,2019-05-01,34.06
5,Delhi,2019-05-02,32.14
5,Delhi,2019-05-03,30.49
5,Delhi,2019-05-04,31.14
5,Delhi,2019-05-05,31.77
5,Delhi,2019-05-06,31.91
5,Delhi,2019-05-07,32.97
5,Delhi,2019-05-08,33.73
5,Delhi,2019-05-09,34.52
5,Delhi,2019-05-10,34.04
5,Delhi,2019-05-11,32.6
5,Delhi,2019-05-12,32.2
5,Delhi,2019-05-13,31.84
5,Delhi,2019-05-14,30.09
5,Delhi,2019-05-15,30.68
5,Delhi,2019-05-16,30.71
5,Delhi,2019-05-17,28.32
5,Delhi,2019-05-18,29.13
5,Delhi,2019-05-19,31.7
5,Delhi,2019-05-20,33.09
5,Delhi,2019-05-21,34.26
5,Delhi,2019-05-22,33.53
5,Delhi,2019-05-23,32.57
5,Delhi,2019-05-24,31
5,Delhi,2019-05-25,32.07
5,Delhi,2019-05-26,33.03
5,Delhi,2019-05-27,34.35
5,Delhi,2019-05-28,34.54
5,Delhi,2019-05-29,35.76
5,Delhi,2019-05-30,36.64
5,Delhi,2019-05-31,37.06
5,Delhi,2019-06-01,36.31
5,Delhi,2019-06-02,35.76
5,Delhi,2019-06-03,34.75
5,Delhi,2019-06-04,34.96
5,Delhi,2019-06-05,35.81
5,Delhi,2019-06-06,33.71
5,Delhi,2019-06-07,33.64
5,Delhi,2019-06-08,35.5
5,Delhi,2019-06-09,36.06
5,Delhi,2019-06-10,37.17
5,Delhi,2019-06-11,36.99
5,Delhi,2019-06-12,33.23
5,Delhi,2019-06-13,35.12
5,Delhi,2019-06-14,35.81
5,Delhi,2019-06-15,36.64
5,Delhi,2019-06-16,31
5,Delhi,2019-06-17,30.17
5,Delhi,2019-06-18,28.68
5,Delhi,2019-06-19,30.2
5,Delhi,2019-06-20,31.8
5,Delhi,2019-06-21,33.1
5,Delhi,2019-06-22,34.7
5,Delhi,2019-06-23,33.81
5,Delhi,2019-06-24,31.02
5,Delhi,2019-06-25,33.38
5,Delhi,2019-06-26,34.96
5,Delhi,2019-06-27,34.73
5,Delhi,2019-06-28,35.28
5,Delhi,2019-06-29,36.68
5,Delhi,2019-06-30,35.56
5,Delhi,2019-07-01,35.3
5,Delhi,2019-07-02,34.42
5,Delhi,2019-07-03,34.76
5,Delhi,2019-07-04,30.92
5,Delhi,2019-07-05,29.88
5,Delhi,2019-07-06,30.29
5,Delhi,2019-07-07,31.38
5,Delhi,2019-07-08,31.44
5,Delhi,2019-07-09,29.84
5,Delhi,2019-07-10,32.52
5,Delhi,2019-07-11,32.81
5,Delhi,2019-07-12,33.4
5,Delhi,2019-07-13,33.56
5,Delhi,2019-07-14,31.99
5,Delhi,2019-07-15,29.42
5,Delhi,2019-07-16,27.16
5,Delhi,2019-07-17,27.66
5,Delhi,2019-07-18,28.42
5,Delhi,2019-07-19,30.66
5,Delhi,2019-07-20,30.06
5,Delhi,2019-07-21,30
5,Delhi,2019-07-22,31.5
5,Delhi,2019-07-23,33.32
5,Delhi,2019-07-24,31.25
5,Delhi,2019-07-25,27.36
5,Delhi,2019-07-26,26.95
5,Delhi,2019-07-27,27.87
5,Delhi,2019-07-28,29.21
5,Delhi,2019-07-29,30.77
5,Delhi,2019-07-30,30.47
5,Delhi,2019-07-31,29.7
5,Delhi,2019-08-01,30.67
5,Delhi,2019-08-02,28.92
5,Delhi,2019-08-03,29.16
5,Delhi,2019-08-04,29.84
5,Delhi,2019-08-05,30.41
5,Delhi,2019-08-06,28.07
5,Delhi,2019-08-07,29.91
5,Delhi,2019-08-08,32.37
5,Delhi,2019-08-09,30.2
5,Delhi,2019-08-10,29.84
5,Delhi,2019-08-11,31.32
5,Delhi,2019-08-12,30.96
5,Delhi,2019-08-13,29.39
5,Delhi,2019-08-14,30.04
5,Delhi,2019-08-15,29.8
5,Delhi,2019-08-16,28.43
5,Delhi,2019-08-17,26.54
5,Delhi,2019-08-18,27.56
5,Delhi,2019-08-19,29.27
5,Delhi,2019-08-20,29.95
5,Delhi,2019-08-21,30.49
5,Delhi,2019-08-22,29.63
5,Delhi,2019-08-23,31.07
5,Delhi,2019-08-24,29.68
5,Delhi,2019-08-25,27.58
5,Delhi,2019-08-26,30.5
5,Delhi,2019-08-27,31.86
5,Delhi,2019-08-28,32.49
5,Delhi,2019-08-29,30.81
5,Delhi,2019-08-30,31.85
5,Delhi,2019-08-31,31.78
5,Delhi,2019-09-01,28.55
5,Delhi,2019-09-02,31.33
5,Delhi,2019-09-03,31.52
5,Delhi,2019-09-04,30.04
5,Delhi,2019-09-05,30.79
5,Delhi,2019-09-06,30.68
5,Delhi,2019-09-07,29.59
5,Delhi,2019-09-08,30.78
5,Delhi,2019-09-09,31.54
5,Delhi,2019-09-10,31.85
5,Delhi,2019-09-11,32.18
5,Delhi,2019-09-12,30.71
5,Delhi,2019-09-13,30.95
5,Delhi,2019-09-14,29.71
5,Delhi,2019-09-15,29.37
5,Delhi,2019-09-16,30.78
5,Delhi,2019-09-17,30.02
5,Delhi,2019-09-18,29.23
5,Delhi,2019-09-19,27.88
5,Delhi,2019-09-20,29.12
5,Delhi,2019-09-21,28.56
5,Delhi,2019-09-22,26.37
5,Delhi,2019-09-23,27.22
5,Delhi,2019-09-24,27.81
5,Delhi,2019-09-25,28.28
5,Delhi,2019-09-26,28.04
5,Delhi,2019-09-27,26.98
5,Delhi,2019-09-28,26.63
5,Delhi,2019-09-29,25.15
5,Delhi,2019-09-30,26.12
5,Delhi,2019-10-01,26.38
5,Delhi,2019-10-02,27.36
5,Delhi,2019-10-03,27.55
5,Delhi,2019-10-04,25.99
5,Delhi,2019-10-05,26.04
5,Delhi,2019-10-06,26.37
5,Delhi,2019-10-07,26.16
5,Delhi,2019-10-08,25.97
5,Delhi,2019-10-09,26.36
5,Delhi,2019-10-10,26.2
5,Delhi,2019-10-11,26.06
5,Delhi,2019-10-12,26.69
5,Delhi,2019-10-13,27.07
5,Delhi,2019-10-14,27.03
5,Delhi,2019-10-15,27.17
5,Delhi,2019-10-16,27.16
5,Delhi,2019-10-17,26.44
5,Delhi,2019-10-18,26.35
5,Delhi,2019-10-19,26.32
5,Delhi,2019-10-20,24.74
5,Delhi,2019-10-21,24.31
5,Delhi,2019-10-22,23.6
5,Delhi,2019-10-23,23.95
5,Delhi,2019-10-24,24.38
5,Delhi,2019-10-25,24.04
5,Delhi,2019-10-26,23.86
5,Delhi,2019-10-27,24.35
5,Delhi,2019-10-28,23.96
5,Delhi,2019-10-29,24.26
5,Delhi,2019-10-30,24.52
5,Delhi,2019-10-31,24.17
5,Delhi,2019-11-01,24.88
5,Delhi,2019-11-02,23.66
5,Delhi,2019-11-03,23.63
5,Delhi,2019-11-04,23.6
5,Delhi,2019-11-05,23.16
5,Delhi,2019-11-06,23.16
5,Delhi,2019-11-07,20.71
5,Delhi,2019-11-08,22.1
5,Delhi,2019-11-09,21.77
5,Delhi,2019-11-10,20.97
5,Delhi,2019-11-11,19.4
5,Delhi,2019-11-12,19.35
5,Delhi,2019-11-13,20.73
5,Delhi,2019-11-14,20.96
5,Delhi,2019-11-15,21.34
5,Delhi,2019-11-16,21.99
5,Delhi,2019-11-17,21.39
5,Delhi,2019-11-18,19.57
5,Delhi,2019-11-19,19.21
5,Delhi,2019-11-20,19.14
5,Delhi,2019-11-21,19.31
5,Delhi,2019-11-22,20.05
5,Delhi,2019-11-23,20.21
5,Delhi,2019-11-24,19.84
5,Delhi,2019-11-25,20.37
5,Delhi,2019-11-26,20.79
5,Delhi,2019-11-27,20.3
5,Delhi,2019-11-28,18.3
5,Delhi,2019-11-29,17.81
5,Delhi,2019-11-30,16.7
5,Delhi,2019-12-01,15.86
5,Delhi,2019-12-02,15.29
5,Delhi,2019-12-03,15.24
5,Delhi,2019-12-04,15.51
5,Delhi,2019-12-05,15.11
5,Delhi,2019-12-06,15.41
5,Delhi,2019-12-07,16.06
5,Delhi,2019-12-08,15.2
5,Delhi,2019-12-09,15.35
5,Delhi,2019-12-10,14.86
5,Delhi,2019-12-11,16.04
5,Delhi,2019-12-12,16.26
5,Delhi,2019-12-13,14.71
5,Delhi,2019-12-14,13.59
5,Delhi,2019-12-15,14.1
5,Delhi,2019-12-16,12.29
5,Delhi,2019-12-17,11.77
5,Delhi,2019-12-18,11.32
5,Delhi,2019-12-19,11.16
5,Delhi,2019-12-20,12.45
5,Delhi,2019-12-21,12.61
5,Delhi,2019-12-22,11.86
5,Delhi,2019-12-23,11.1
5,Delhi,2019-12-24,9.27
5,Delhi,2019-12-25,9.08
5,Delhi,2019-12-26,8.85
5,Delhi,2019-12-27,7.91
5,Delhi,2019-12-28,6.99
5,Delhi,2019-12-29,6.81
5,Delhi,2019-12-30,5.92
5,Delhi,2019-12-31,7.71
6,Shanghai,2019-01-01,3.84
6,Shanghai,2019-01-02,5.55
6,Shanghai,2019-01-03,8.31
6,Shanghai,2019-01-04,9.12
6,Shanghai,2019-01-05,8.15
6,Shanghai,2019-01-06,7.18
6,Shanghai,2019-01-07,7.11
6,Shanghai,2019-01-08,6.24
6,Shanghai,2019-01-09,5.46
6,Shanghai,2019-01-10,7.07
6,Shanghai,2019-01-11,8.19
6,Shanghai,2019-01-12,6.09
6,Shanghai,2019-01-13,5.46
6,Shanghai,2019-01-14,7.77
6,Shanghai,2019-01-15,5.59
6,Shanghai,2019-01-16,3.1
6,Shanghai,2019-01-17,3.31
6,Shanghai,2019-01-18,7.46
6,Shanghai,2019-01-19,8.31
6,Shanghai,2019-01-20,4.7
6,Shanghai,2019-01-21,4.13
6,Shanghai,2019-01-22,4.88
6,Shanghai,2019-01-23,6.05
6,Shanghai,2019-01-24,6.93
6,Shanghai,2019-01-25,6.57
6,Shanghai,2019-01-26,2.99
6,Shanghai,2019-01-27,6.3
6,Shanghai,2019-01-28,6.95
6,Shanghai,2019-01-29,8.86
6,Shanghai,2019-01-30,10.18
6,Shanghai,2019-01-31,4.05
6,Shanghai,2019-02-01,3.97
6,Shanghai,2019-02-02,12.73
6,Shanghai,2019-02-03,7.57
6,Shanghai,2019-02-04,8.59
6,Shanghai,2019-02-05,8.81
6,Shanghai,2019-02-06,12.23
6,Shanghai,2019-02-07,4.97
6,Shanghai,2019-02-08,3.61
6,Shanghai,2019-02-09,3.71
6,Shanghai,2019-02-10,2.83
6,Shanghai,2019-02-11,4.11
6,Shanghai,2019-02-12,6.23
6,Shanghai,2019-02-13,6.18
6,Shanghai,2019-02-14,6.87
6,Shanghai,2019-02-15,5.47
6,Shanghai,2019-02-16,3.96
6,Shanghai,2019-02-17,5.62
6,Shanghai,2019-02-18,7.34
6,Shanghai,2019-02-19,6.31
6,Shanghai,2019-02-20,6.7
6,Shanghai,2019-02-21,6.44
6,Shanghai,2019-02-22,4.71
6,Shanghai,2019-02-23,5.83
6,Shanghai,2019-02-24,7.75
6,Shanghai,2019-02-25,7.69
6,Shanghai,2019-02-26,8.96
6,Shanghai,2019-02-27,8.4
6,Shanghai,2019-02-28,7.89
6,Shanghai,2019-03-01,8.94
6,Shanghai,2019-03-02,7.42
6,Shanghai,2019-03-03,8.1
6,Shanghai,2019-03-04,9.94
6,Shanghai,2019-03-05,9.97
6,Shanghai,2019-03-06,10.61
6,Shanghai,2019-03-07,7.23
6,Shanghai,2019-03-08,9.32
6,Shanghai,2019-03-09,10.6
6,Shanghai,2019-03-10,9.67
6,Shanghai,2019-03-11,11.84
6,Shanghai,2019-03-12,12.31
6,Shanghai,2019-03-13,11.14
6,Shanghai,2019-03-14,8.83
6,Shanghai,2019-03-15,12.11
6,Shanghai,2019-03-16,13.27
6,Shanghai,2019-03-17,14.92
6,Shanghai,2019-03-18,10.21
6,Shanghai,2019-03-19,14.36
6,Shanghai,2019-03-20,18.86
6,Shanghai,2019-03-21,11.39
6,Shanghai,2019-03-22,9.07
6,Shanghai,2019-03-23,10.23
6,Shanghai,2019-03-24,11.61
6,Shanghai,2019-03-25,11.16
6,Shanghai,2019-03-26,15.48
6,Shanghai,2019-03-27,15.25
6,Shanghai,2019-03-28,13.96
6,Shanghai,2019-03-29,14.01
6,Shanghai,2019-03-30,12.86
6,Shanghai,2019-03-31,10.05
6,Shanghai,2019-04-01,12.76
6,Shanghai,2019-04-02,13.6
6,Shanghai,2019-04-03,13.77
6,Shanghai,2019-04-04,12.94
6,Shanghai,2019-04-05,17.07
6,Shanghai,2019-04-06,19.02
6,Shanghai,2019-04-07,20.82
6,Shanghai,2019-04-08,19.91
6,Shanghai,2019-04-09,16.44
6,Shanghai,2019-04-10,11.11
6,Shanghai,2019-04-11,10.96
6,Shanghai,2019-04-12,13.99
6,Shanghai,2019-04-13,16.11
6,Shanghai,2019-04-14,14.66
6,Shanghai,2019-04-15,15.68
6,Shanghai,2019-04-16,14.76
6,Shanghai,2019-04-17,17.85
6,Shanghai,2019-04-18,21.21
6,Shanghai,2019-04-19,20.11
6,Shanghai,2019-04-20,20.31
6,Shanghai,2019-04-21,19.77
6,Shanghai,2019-04-22,19.03
6,Shanghai,2019-04-23,22.15
6,Shanghai,2019-04-24,19.71
6,Shanghai,2019-04-25,18.11
6,Shanghai,2019-04-26,12.9
6,Shanghai,2019-04-27,15.65
6,Shanghai,2019-04-28,17.25
6,Shanghai,2019-04-29,15.96
6,Shanghai,2019-04-30,15.37
6,Shanghai,2019-05-01,17.2
6,Shanghai,2019-05-02,17.75
6,Shanghai,2019-05-03,19.37
6,Shanghai,2019-05-04,19.93
6,Shanghai,2019-05-05,20.03
6,Shanghai,2019-05-06,15.63
6,Shanghai,2019-05-07,16.89
6,Shanghai,2019-05-08,17.63
6,Shanghai,2019-05-09,20.04
6,Shanghai,2019-05-10,20.13
6,Shanghai,2019-05-11,21.67
6,Shanghai,2019-05-12,22.32
6,Shanghai,2019-05-13,18.13
6,Shanghai,2019-05-14,20.1
6,Shanghai,2019-05-15,19.29
6,Shanghai,2019-05-16,21.39
6,Shanghai,2019-05-17,21.93
6,Shanghai,2019-05-18,20.78
6,Shanghai,2019-05-19,21.68
6,Shanghai,2019-05-20,19.55
6,Shanghai,2019-05-21,22.09
6,Shanghai,2019-05-22,23.72
6,Shanghai,2019-05-23,25.85
6,Shanghai,2019-05-24,26.1
6,Shanghai,2019-05-25,24.36
6,Shanghai,2019-05-26,22.94
6,Shanghai,2019-05-27,21.84
6,Shanghai,2019-05-28,20.53
6,Shanghai,2019-05-29,21.96
6,Shanghai,2019-05-30,21.37
6,Shanghai,2019-05-31,20.63
6,Shanghai,2019-06-01,21.46
6,Shanghai,2019-06-02,21.75
6,Shanghai,2019-06-03,23.58
6,Shanghai,2019-06-04,24.8
6,Shanghai,2019-06-05,26.1
6,Shanghai,2019-06-06,25.61
6,Shanghai,2019-06-07,22.62
6,Shanghai,2019-06-08,23.56
6,Shanghai,2019-06-09,24.12
6,Shanghai,2019-06-10,24.14
6,Shanghai,2019-06-11,23.15
6,Shanghai,2019-06-12,22.44
6,Shanghai,2019-06-13,20.33
6,Shanghai,2019-06-14,21.89
6,Shanghai,2019-06-15,26.22
6,Shanghai,2019-06-16,26.22
6,Shanghai,2019-06-17,25.09
6,Shanghai,2019-06-18,22.72
6,Shanghai,2019-06-19,22.83
6,Shanghai,2019-06-20,22.75
6,Shanghai,2019-06-21,22.99
6,Shanghai,2019-06-22,22.87
6,Shanghai,2019-06-23,23.72
6,Shanghai,2019-06-24,24
6,Shanghai,2019-06-25,23.09
6,Shanghai,2019-06-26,23.44
6,Shanghai,2019-06-27,25.8
6,Shanghai,2019-06-28,29.38
6,Shanghai,2019-06-29,27.13
6,Shanghai,2019-06-30,24.54
6,Shanghai,2019-07-01,24.09
6,Shanghai,2019-07-02,24.7
6,Shanghai,2019-07-03,24.08
6,Shanghai,2019-07-04,24.71
6,Shanghai,2019-07-05,25.09
6,Shanghai,2019-07-06,26.74
6,Shanghai,2019-07-07,26.37
6,Shanghai,2019-07-08,26.18
6,Shanghai,2019-07-09,22.8
6,Shanghai,2019-07-10,23.83
6,Shanghai,2019-07-11,25.86
6,Shanghai,2019-07-12,24.48
6,Shanghai,2019-07-13,22.42
6,Shanghai,2019-07-14,24.91
6,Shanghai,2019-07-15,26.3
6,Shanghai,2019-07-16,26.31
6,Shanghai,2019-07-17,28.45
6,Shanghai,2019-07-18,28.44
6,Shanghai,2019-07-19,27.19
6,Shanghai,2019-07-20,28.67
6,Shanghai,2019-07-21,29.65
6,Shanghai,2019-07-22,30.55
6,Shanghai,2019-07-23,31.86
6,Shanghai,2019-07-24,31.8
6,Shanghai,2019-07-25,31.72
6,Shanghai,2019-07-26,32.25
6,Shanghai,2019-07-27,30.62
6,Shanghai,2019-07-28,30.62
6,Shanghai,2019-07-29,31.65
6,Shanghai,2019-07-30,31.67
6,Shanghai,2019-07-31,30.54
6,Shanghai,2019-08-01,30.68
6,Shanghai,2019-08-02,29.74
6,Shanghai,2019-08-03,28.6
6,Shanghai,2019-08-04,27.55
6,Shanghai,2019-08-05,29.32
6,Shanghai,2019-08-06,29.36
6,Shanghai,2019-08-07,30.13
6,Shanghai,2019-08-08,30.28
6,Shanghai,2019-08-09,28.17
6,Shanghai,2019-08-10,27.63
6,Shanghai,2019-08-11,28.88
6,Shanghai,2019-08-12,29.92
6,Shanghai,2019-08-13,29.42
6,Shanghai,2019-08-14,29.66
6,Shanghai,2019-08-15,28.75
6,Shanghai,2019-08-16,29.57
6,Shanghai,2019-08-17,30.51
6,Shanghai,2019-08-18,27.76
6,Shanghai,2019-08-19,27.87
6,Shanghai,2019-08-20,27.69
6,Shanghai,2019-08-21,28.41
6,Shanghai,2019-08-22,29.27
6,Shanghai,2019-08-23,28.88
6,Shanghai,2019-08-24,28.96
6,Shanghai,2019-08-25,29.15
6,Shanghai,2019-08-26,30.94
6,Shanghai,2019-08-27,30.64
6,Shanghai,2019-08-28,26.82
6,Shanghai,2019-08-29,21.39
6,Shanghai,2019-08-30,25.58
6,Shanghai,2019-08-31,24.56
6,Shanghai,2019-09-01,22.19
6,Shanghai,2019-09-02,23.34
6,Shanghai,2019-09-03,24.41
6,Shanghai,2019-09-04,25.18
6,Shanghai,2019-09-05,26.64
6,Shanghai,2019-09-06,25.87
6,Shanghai,2019-09-07,26.49
6,Shanghai,2019-09-08,26.48
6,Shanghai,2019-09-09,26.53
6,Shanghai,2019-09-10,27.96
6,Shanghai,2019-09-11,27.74
6,Shanghai,2019-09-12,26.76
6,Shanghai,2019-09-13,27.39
6,Shanghai,2019-09-14,27.07
6,Shanghai,2019-09-15,25.08
6,Shanghai,2019-09-16,25.59
6,Shanghai,2019-09-17,25.93
6,Shanghai,2019-09-18,24.78
6,Shanghai,2019-09-19,23.07
6,Shanghai,2019-09-20,23.89
6,Shanghai,2019-09-21,21.43
6,Shanghai,2019-09-22,21.85
6,Shanghai,2019-09-23,22.08
6,Shanghai,2019-09-24,22.28
6,Shanghai,2019-09-25,22.57
6,Shanghai,2019-09-26,22.54
6,Shanghai,2019-09-27,22.85
6,Shanghai,2019-09-28,23.06
6,Shanghai,2019-09-29,23.09
6,Shanghai,2019-09-30,24.77
6,Shanghai,2019-10-01,23.57
6,Shanghai,2019-10-02,22.92
6,Shanghai,2019-10-03,25.02
6,Shanghai,2019-10-04,25.7
6,Shanghai,2019-10-05,21.68
6,Shanghai,2019-10-06,21.15
6,Shanghai,2019-10-07,20.07
6,Shanghai,2019-10-08,18.69
6,Shanghai,2019-10-09,20.61
6,Shanghai,2019-10-10,23.23
6,Shanghai,2019-10-11,22.75
6,Shanghai,2019-10-12,22.08
6,Shanghai,2019-10-13,21.87
6,Shanghai,2019-10-14,19.51
6,Shanghai,2019-10-15,17
6,Shanghai,2019-10-16,19.13
6,Shanghai,2019-10-17,19.23
6,Shanghai,2019-10-18,18.18
6,Shanghai,2019-10-19,18.11
6,Shanghai,2019-10-20,18.19
6,Shanghai,2019-10-21,18.19
6,Shanghai,2019-10-22,19.73
6,Shanghai,2019-10-23,19.83
6,Shanghai,2019-10-24,19
6,Shanghai,2019-10-25,19.29
6,Shanghai,2019-10-26,15.99
6,Shanghai,2019-10-27,14.64
6,Shanghai,2019-10-28,16.41
6,Shanghai,2019-10-29,16.13
6,Shanghai,2019-10-30,16.78
6,Shanghai,2019-10-31,17.24
6,Shanghai,2019-11-01,17.75
6,Shanghai,2019-11-02,19.11
6,Shanghai,2019-11-03,18.19
6,Shanghai,2019-11-04,17.06
6,Shanghai,2019-11-05,15.89
6,Shanghai,2019-11-06,17.69
6,Shanghai,2019-11-07,16.77
6,Shanghai,2019-11-08,13.95
6,Shanghai,2019-11-09,13.75
6,Shanghai,2019-11-10,15.94
6,Shanghai,2019-11-11,15.84
6,Shanghai,2019-11-12,18.47
6,Shanghai,2019-11-13,16.22
6,Shanghai,2019-11-14,13.36
6,Shanghai,2019-11-15,16.4
6,Shanghai,2019-11-16,19.06
6,Shanghai,2019-11-17,19.24
6,Shanghai,2019-11-18,9.43
6,Shanghai,2019-11-19,10.12
6,Shanghai,2019-11-20,13.61
6,Shanghai,2019-11-21,14.69
6,Shanghai,2019-11-22,17.97
6,Shanghai,2019-11-23,19.45
6,Shanghai,2019-11-24,15.9
6,Shanghai,2019-11-25,8.92
6,Shanghai,2019-11-26,10.73
6,Shanghai,2019-11-27,9.51
6,Shanghai,2019-11-28,9.46
6,Shanghai,2019-11-29,10.39
6,Shanghai,2019-11-30,12.18
6,Shanghai,2019-12-01,8
6,Shanghai,2019-12-02,5.95
6,Shanghai,2019-12-03,5.52
6,Shanghai,2019-12-04,7.63
6,Shanghai,2019-12-05,9.88
6,Shanghai,2019-12-06,6.44
6,Shanghai,2019-12-07,5.38
6,Shanghai,2019-12-08,6.49
6,Shanghai,2019-12-09,9.66
6,Shanghai,2019-12-10,10.79
6,Shanghai,2019-12-11,9.59
6,Shanghai,2019-12-12,9.22
6,Shanghai,2019-12-13,10.48
6,Shanghai,2019-12-14,11.87
6,Shanghai,2019-12-15,14.11
6,Shanghai,2019-12-16,16.23
6,Shanghai,2019-12-17,10.95
6,Shanghai,2019-12-18,7.13
6,Shanghai,2019-12-19,6.49
6,Shanghai,2019-12-20,8.61
6,Shanghai,2019-12-21,9.84
6,Shanghai,2019-12-22,9.21
6,Shanghai,2019-12-23,10.85
6,Shanghai,2019-12-24,11.17
6,Shanghai,2019-12-25,12.95
6,Shanghai,2019-12-26,6.52
6,Shanghai,2019-12-27,4.35
6,Shanghai,2019-12-28,10.73
6,Shanghai,2019-12-29,11.18
6,Shanghai,2019-12-30,8.37
6,Shanghai,2019-12-31,3.09
